companies_ID,companies_name,companies_site,companies_slug,companies_othername,companies_contact,companies_closed,companies_firstyear,companies_nace_section,companies_nace_division,companies_parent,companies_grouping,companies_cro,companies_county,companies_govt_id,companies_eircode
1,3M,https://www.3mireland.ie/3M/en_IE/company-uk/,3m,Solventum,contactus@solventum.com,,2022,14,72,,,465081,Dublin,,"D02 P638"
2,"A&L Goodbody (excluding equity partners)",https://www.algoodbody.com/,algoodbody,,ALGdublin@algoodbody.com,,2022,14,69,,,,Dublin,,"D01 H104"
3,AA,https://www.theaa.ie/,aa,,service@theaa.ie,,2022,12,65,,,389194,Dublin,,"D02 HP46"
4,"Abbott Ireland (all legal entities)",https://www.ie.abbott/homepage.html,abbott,,webmaster@abbott.com,,2022,3,21,4,,908940,Sligo,,F91
5,"AbbVie Sligo",https://www.abbvie.ie/,abbviesligo,,,,2022,3,21,5,,906838,Sligo,,F91
6,"AbbVie Westport",https://www.abbvie.ie/,abbviewestport,Allergan,,,2022,3,21,5,,561112,Dublin,,"D05 AE73"
7,"ABP Food Group: ABP Ireland",https://www.abpireland.com/,abp,,pressqueries@abpfoodgroup.com,,2022,3,10,7,,214256,Dublin,,D02
8,"ABP Food Group: C&D Foods",https://cdfoods.com/,cdfoods,,,,2022,3,10,7,,26191,Dublin,,"K32 HH00"
9,"ABP Food Group: Irish Country Meats",https://irishcountrymeats.com/,irishcountrymeats,,careers@irishcountrymeats.com,,2022,3,10,7,,318074,Dublin,,D11
10,Abtran,https://www.abtran.com/,abtran,,info@abtran.com,,2022,15,82,,,260018,Limerick,,V94
11,"Accenture (all legal entities)",https://www.accenture.com/ie-en,accenture,,,,2022,14,70,11,,,Dublin,,"D02 P820"
12,Actavo,https://actavo.com/,actavo,,info@actavo.com,,2022,6,43,,,105844,Clare,,V95
13,"Aer Lingus (all legal entities)",https://www.aerlingus.com/html/en-US/home.html,aerlingus,,askus@aerlingus.com,,2022,8,51,13,,,Dublin,,"K67 A2N5"
14,"AerCap (all legal entities)",https://www.aercap.com/,aercap,,contact@aercap.com,,2022,8,52,14,,,Dublin,,"D02 YX20"
15,AIB,https://aib.ie/,aib,,Louise.y.kelly@aib.ie,,2022,12,64,,,24173,Dublin,,D02
16,"AIG (all legal entities)",https://www.aig.ie/,aig,,postmaster.ie@aig.com,,2022,12,65,,,,Dublin,,"D01 R8H7"
17,"Airbnb Ireland UC",https://www.airbnb.ie/,airbnb,,press-ie@airbnb.com,,2022,9,55,,,511825,Dublin,,D01
18,"Alcon Ireland",https://www.alcon.com/,alcon,,,,2022,3,32,,,381537,Cork,,"T12 NX4A"
19,"ALDI Ireland",https://www.aldi.ie/,aldi,,Recruitment@aldi.ie,,2022,7,47,,,294035,Cork,,T12
20,"Alliance Medical",https://www.alliancemedical.ie/,alliancemedical,,,,2022,18,86,,,741329,Limerick,329,V94FHX7
21,"Allianz Ireland",https://www.allianz.ie/,allianz,,,,2022,12,65,,,900658,Dublin,,D04
22,"Amazon Data Services Ireland Ltd",https://www.amazon.co.uk/,amazondsi,,,,2022,11,63,22,,390566,Dublin,,D04
23,"Amazon Development Centre Ireland Ltd ",https://www.amazon.co.uk/,amazondci,,,,2022,11,62,22,,566018,Dublin,,D04
24,"Amazon Ireland Support Services Ltd ",https://www.amazon.co.uk/,amazonssi,,,,2022,11,63,22,,413291,Cork,,T12
25,"Amundi Ireland",https://www.amundi.ie/retail,amundi,,,,2022,12,66,,,287793,Dublin,,D24
26,"An Garda Síochána: Garda Members",https://garda.ie/en/,gardamembers,,pressoffice@garda.ie,,2022,16,84,26,1,,Dublin,,"D08 HN3X"
27,"An Garda Síochána: Garda Staff",https://garda.ie/en/,gardastaff,,pressoffice@garda.ie,,2022,16,84,26,1,,Dublin,,"D08 HN3X"
28,"An Post",https://www.anpost.com/,anpost,,Pressoffice@anpost.ie,,2022,16,84,,1,98788,Dublin,504,D01F5P2
29,"Aon Ireland (all legal entities)",https://www.aon.com/ireland/default.jsp,aon,,requests@aon.ie,,2022,12,65,29,,,Dublin,,D02VR98
30,"Apple Ireland (all legal entities)",https://www.apple.com/ie/,apple,,contactus.ie@euro.apple.com,,2022,11,62,30,,,Cork,,"T23 YK84"
31,Applegreen,https://applegreenstores.com/,applegreen,,"info@applegreen.ie, applegreen@sweartaker.ie",,2022,7,47,,,491702,Dublin,,D12
32,"Applus Car Testing Services Ltd. (Fortnightly) ",https://www.applus.com/global/en/,appluscartestingf,,info@applus.com,,2022,20,95,32,,464326,Dublin,,D24
33,"Applus Car Testing Services Ltd. (Monthly)",https://www.applus.com/global/en/,appluscartestingm,,info@applus.com,,2022,20,95,32,,464326,Dublin,,D24
34,"Applus Inspection Services Ltd. Ireland (Fortnightly)",https://www.applus.com/global/en/,appluscarinspectionf,,info@applus.com,,2022,15,82,32,,653187,Dublin,,D24
35,"Applus Inspection Services Ltd. Ireland (Monthly)",https://www.applus.com/global/en/,appluscarinspectionm,,info@applus.com,,2022,15,82,32,,653187,Dublin,,D24
36,Arachas,https://www.arachas.ie/,arachas,,insure@arachas.ie,,2022,12,64,,,379157,Cork,,T12
37,"Aramark: Avoca Handweavers Shops Limited",https://www.avoca.com/en,avoca,,noss-erin@aramark.com,,2022,7,47,37,,46106,Dublin,,D13
38,"Aramark: Campbell Catering Limited",https://northerneurope.aramark.com/ie/home,campbellcatering,,noss-erin@aramark.com,,2022,9,56,37,,128403,Dublin,,D01
39,"Aramark: Vector Workplace and Facility Management Limited",https://northerneurope.aramark.com/ie/home,vector,,noss-erin@aramark.com,,2022,15,81,37,,315777,Dublin,,"D02 AV82"
40,Ardmac,https://www.ardmac.com/,ardmac,,info@ardmac.com,,2022,6,43,,,193848,Dublin,779,K67Y2P7
41,Arrabawn,https://arrabawn.ie/,arrabawn,ArraTipp,info@arrabawn.ie,,2022,3,10,,,468897,Galway,,H91
42,"Arthur Cox (The Firm - including partners)",https://www.arthurcox.com/,arthurcox,,mail@arthurcox.com,,2022,14,69,42,,,Dublin,,"D02 T380"
43,Arup,https://www.arup.com/,arup,,europe-press@arup.com,,2022,14,66,,,90803,Limerick,,V94
44,"ARYZTA Food Solutions Ireland",https://aryzta.ie/,aryztafsi,,info@aryzta.com,,2022,7,46,44,,149525,Limerick,,V94
45,"Astellas Ireland (all legal entities)",https://www.astellas.com/ie,astellas,,,,2022,3,21,45,,,Dublin,,"D15 K851"
46,Autodesk,https://www.autodesk.eu/,autodesk,,deborah.reid@autodesk.com,,2022,11,62,,,614957,Dublin,,D02
47,"Aurivo Co-operative Society Ltd",https://www.aurivo.ie/,aurivocoop,,info@aurivo.ie,,2022,3,10,,,,Sligo,,"F91 N968"
48,Avaya,https://www.avaya.com/en/,avaya,,corpcommsteam@avaya.com,,2022,11,62,,,167267,Dublin,,D15
49,Aviva,https://www.aviva.ie/,aviva,,"anne.mathews@aviva.com, brian.oneill1@aviva.com",,2022,12,65,49,,605769,Dublin,,D18
50,"AWS EMEA SARL (Irish Branch)",https://aws.amazon.com/?nc2=h_lg,awsemeasarl,,,,2022,11,63,22,,908705,Dublin,,D04
51,"BAM Ireland: Building",https://www.bamireland.ie/,bamirelandbuilding,,IE_info@bam.com,,2022,6,42,51,,199001,Dublin,,"D02 Y754"
52,"BAM Ireland: Civil",https://www.bamireland.ie/,bamirelandcivil,,IE_info@bam.com,,2022,6,42,51,,17543,Dublin,,D02
53,"Bank of America",https://www.bankofamerica.com/,bankofamerica,,,,2022,12,64,,,229165,Meath,,C15
54,"Bank of Ireland (excluding subsidiaries)",https://www.bankofireland.com/,bankofireland,BOI,contactus@boi.com,,2022,12,64,54,,593672,Dublin,,D04
55,"Barclays Bank Ireland Plc",https://privatebank.barclays.com/,barclaysbank,,dublincustomerservice@barclays.com,,2022,12,64,,,902014,Dublin,,D02
56,"Baxter Healthcare Ireland",https://www.baxterhealthcare.ie/,baxterhealthcare,,Compton_reception@baxter.com,,2022,3,32,56,,902075,Dublin,,D02
57,"BDO Ireland",https://www.bdo.ie/,bdo,,info@bdo.ie,,2022,12,64,,,,Dublin,,"D02 Y754"
58,"Beckman Coulter Ireland Inc",https://www.beckman.com/contact-us/ireland,beckmancoulter,,"diversityandinclusion@beckman.com, media@beckman.com",,2022,3,21,,,501471,Limerick,434,V94PP63
59,"Becton Dickinson Research Centre Ireland Limited",https://www.bd.com/en-us,bectondickinson,,BDUK_customerservice@bd.com,,2022,14,72,59,,193081,Dublin,,D01
60,"Becton Dickinson: ClearStream Technologies Limited",https://www.bd.com/en-us,clearstreamtechnologies,,,,2022,11,62,59,,250810,Galway,,"H91 N12C"
61,"Bidvest Noonan",https://bidvestnoonan.ie/,bidvestnoonan,,info@bidvestnoonan.com,,2022,15,81,,,459859,Dublin,,D02
62,BioMarin,https://www.biomarin.com/,biomarin,,media@bmrn.com,,2022,3,21,,,388809,Dublin,,D02
63,"Blackrock Clinic",https://www.blackrockhealth.com/,blackrockclinic,,,,2022,18,86,,7,87523,Cork,,T12
64,"BMS (BMS Ireland)",https://www.bms.com/ie,bms,,,,2022,3,21,64,,15797,Waterford,,X91
65,"BMS (Swords Laboratories Ireland)",https://www.bms.com/ie,swordslaboratories,,,,2022,3,21,64,,60709,Cork,,T12
66,"BNY Mellon: Fund Services DAC",https://www.bnymellon.com/ie/en.html,bnymellonfundservices,,,,2022,12,66,66,,218007,Dublin,,D02
67,"BNY Mellon: SA/NV Dublin Branch",https://www.bnymellon.com/ie/en.html,bnymellonsanv,,,,2022,12,66,66,,226748,Dublin,,D12
68,"Boliden Tara Mines",https://www.boliden.com/operations/mines/boliden-tara,bolidentaramines,,info@boliden.com,,2022,2,7,,,33148,,,
69,"Bord Gais Energy",https://www.bordgaisenergy.ie/,bordgaisenergy,,"info@bordgais.ie, customercare@bordgais.ie",,2022,4,35,,,463078,Dublin,,D02
70,"Bord na Mona",https://www.bordnamona.ie/,bordnamona,,bordnamona@teneo.com,,2022,4,35,,,303301,Wicklow,,A63
71,"Boston Scientific",https://www.bostonscientific.com/en-EU/home.html,bostonscientific,,customerservice.uk@bsci.com,,2022,3,32,,,213232,Cork,,T12
72,"Britvic Ireland",http://www.britvic.com/,britvic,,pressoffice@britvic.com,,2022,3,11,,,7661,Monaghan,,H18
73,"Brown Thomas Arnotts",https://www.arnotts.ie/store/,brownthomasarnotts,,onlinecustomerservices@brownthomas.ie,,2022,7,47,,,1407,Dublin,,D06
74,"BT Communications Ireland Ltd",https://www.btireland.com/,bt,"Enet Communications","nicole.chesser@bt.com, priscilla.oregan@bt.com",,2022,11,61,,,141524,Westmeath,,N91
75,"BWG Foods",https://www.bwg.ie/,bwgfoods,,info@bwg.ie,,2022,7,46,,,20469,Dublin,,D08
76,"C&C Group Plc (all legal entities)",https://candcgroupplc.com/,ccgroup,,Consumer.Relations@candcgroup.ie,,2022,3,11,76,,16599,Kilkenny,,R95
77,"Cairn Homes",https://www.cairnhomes.com/,cairnhomes,,customercare@cairnhomes.com,,2022,6,41,,,552326,Dublin,,D04
78,"Canada Life Group Services",https://www.canadalife.com/,canadalife,,,,2022,14,70,,,410263,Dublin,,D01
79,Carbery,https://www.carbery.com/,carbery,,enquires@carbery.com,,2022,3,10,,,,Cork,,T12
80,"Carlow County Council",https://www.carlow.ie/,carlowcoco,,"corporate@carlowcoco.ie, media@carlowcoco.ie",,2022,16,84,,3,,Carlow,,"R93 WP86"
81,CarTrawler,https://corporate.cartrawler.com/en-gb/,cartrawler,,webmaster@cartrawler.com,,2022,11,62,,,,Dublin,,"D14 R7V2"
82,"Cavan County Council",https://www.cavancoco.ie/,cavancoco,,info@cavancoco.ie,,2022,16,84,,3,,Cavan,,"H12 R6V2"
83,"Center Parcs Ireland",https://www.centerparcs.ie/,centerparcs,,,,2022,9,55,,,554787,Dublin,,D02
84,"Central Bank of Ireland",https://www.centralbank.ie/,centralbankofireland,,enquiries@centralbank.ie,,2022,12,64,,1,,Dublin,215,D01F7X3
85,"Central Statistics Office",https://www.cso.ie/en/index.html,cso,CSO,information@cso.ie,,2022,16,84,,1,,Cork,291,T12X00E
86,"Chadwicks Group",https://chadwicksgroup.ie/,chadwicksgroup,,customercare@chadwicks.ie,,2022,7,46,,,3510,Dublin,,D24
87,"Chief State Solicitors Office",https://www.gov.ie/en/organisation/chief-state-solicitors-office/,csso,,contact@csso.gov.ie,,2022,16,84,,1,,Dublin,,D07
88,"Children's Health Ireland",https://www.childrenshealthireland.ie/,childrenshealthireland,,press.office@childrenshealthireland.ie,,2022,16,84,,1,,Dublin,,D12
89,"CRH: Roadstone",https://roadstone.ie/,crhroadstone,,info@roadstone.ie,,2022,3,23,89,,11035,Laois,,R32
90,"Circle K",https://www.circlek.ie/,circlek,,communications@circlekeurope.co,,2022,7,47,,,26976,Dublin,,D02
91,Cisco,https://www.cisco.com/,cisco,,,,2022,11,61,,,60063,Kildare,,W23
92,"Citco Fund Services (Ireland) Limited",https://www.citco.com/,citco,,citco-ireland@citco.com,,2022,12,64,92,,282013,Cork,,T12
93,"Citibank Europe Plc Ireland",https://www.citigroup.com/global/about-us/global-presence/ireland,citibank,"CEP Ireland",,,2022,12,64,93,,132781,Galway,,H91A6RF
94,"Clare County Council",https://www.clarecoco.ie/,clarecoco,,customerservices@clarecoco.ie,,2022,16,84,,3,,Clare,141,V95DXP2
95,"Coca Cola Ireland",https://www.coca-cola.com/ie/en,cocacola,,gbmedia@coca-cola.com,,2022,3,11,,,1809,Dublin,,D06
96,Cognizant,https://www.cognizant.com/uk/en,cognizant,,inquiry@cognizant.com,,2022,11,62,,,358105,Dublin,,D02
97,Coillte,https://www.coillte.ie/,coillte,,info@coillte.ie,,2022,1,2,2103,1,,Wicklow,,"A63 DN25"
98,"Compass Ireland",https://www.compass-group.ie/,compassireland,,,,2022,9,56,98,,,Dublin,,D12
99,Concern,https://www.concern.net/,concern,,info@concern.net,,2022,18,88,,,39647,Dublin,,D02
100,"Cook Medical",https://www.cookmedical.eu/,cookmedical,,EMEAenquiry@CookMedical.com,,2022,3,32,,,492272,Limerick,,V94
101,"Cork City Council",https://www.corkcity.ie/en/,corkcitycouncil,,foi@corkcity.ie,,2022,16,84,,3,,Cork,,"T12 T997"
102,"Cork County Council",https://www.corkcoco.ie/en,corkcoco,,customercare@corkcoco.ie,,2022,16,84,,3,,Cork,,"T12 R2NC"
103,"Corrib Oil",https://corriboil.com/,corriboil,,info@corriboil.com,,2022,7,47,,,117390,Mayo,,"F12 KF89"
104,"CPL:  Computer Placement Limited",https://www.cpl.com/ie,cpl,,info@cpl.ie,,2022,15,78,104,,156852,Dublin,442,D04X4C9
105,"CPL:  Flexible Talent Workforce",https://www.cpl.com/ie,cplftw,,info@cpl.ie,,2022,15,78,104,,,Dublin,499,D04X4C9
106,"Creganna Medical Ireland Limited",https://www.te.com/usa-en/products/brands/creganna.html,creganna,,,,2022,3,32,,,616341,Galway,,H91
107,"CRH: CRH Group Services Limited",https://www.crh.com/,crhgroupservices,,,,2022,3,23,89,,26948,Dublin,,D20
108,"CRH: Irish Cement",https://www.irishcement.ie/,crhirishcement,,nfo@irishcement.ie,,2022,3,23,89,,9212,Galway,,H91
109,"Currys Ireland Ltd",https://www.currys.ie/,currys,,customer.services@currys.ie,,2022,7,47,,,259460,Dublin,,D04
110,"Dublin Airport Authority",https://www.daa.ie/,daa,daa,info@dublinairport.com,,2022,8,52,,,,Dublin,,D02
111,Dairygold,https://www.dairygold.ie/,dairygold,,info@dairygold.ie,,2022,3,10,,,127365,Dublin,,D04
112,"Dalata Hotel Group",https://dalatahotelgroup.com/,dalata,,%20info@dalatahotelgroup.com,,2022,9,55,,,534888,Dublin,,D18
113,"Danone Ireland",https://www.danone.ie/,danone,,,,2022,3,10,,,796585,Cork,,P12
114,Davy,https://www.davy.ie/,davy,,,,2022,12,66,54,,533779,Dublin,,D02
115,"Dell Technologies Ireland: Dell Products",https://www.dell.com/en-ie,dellproducts,,,,2022,3,26,115,,191034,Dublin,,D08
116,"Dell Technologies Ireland: EMC International ",https://www.dell.com/en-ie,emcinternational,,,,2022,11,63,115,,464031,Dublin,,D02
117,"Deloitte Ireland (excluding partners)",https://www2.deloitte.com/ie/en.html,deloitte,,info@deloitte.ie,,2022,14,70,,,637013,Dublin,366,D02AY28
118,"Dental Care Ireland",https://www.dentalcareireland.ie/,dentalcareireland,,info@dentalcareireland.ie,,2022,18,86,,,305884,Monaghan,,H18
119,"Department of Agriculture, Food & Marine",https://www.gov.ie/en/organisation/department-of-agriculture-food-and-the-marine/,deptagrifoodmarine,,info@agriculture.gov.ie,,2022,16,84,,2,,Dublin,137,D02WK12
120,"Department of Education",https://www.gov.ie/en/organisation/department-of-education/,depteducation,,info@education.gov.ie,,2022,16,84,,2,,Dublin,179,D01RC96
121,"Department of Enterprise, Trade and Employment",https://enterprise.gov.ie/en/,deptenterprise,,info@enterprise.gov.ie,,2022,16,84,,2,,Dublin,677,D02TD30
122,"Department of Finance",https://www.gov.ie/en/organisation/department-of-finance/,deptfinance,,webmaster@finance.gov.ie,,2022,16,84,,2,,Dublin,100,D02R583
123,"Department of Foreign Affairs",https://www.dfa.ie/,deptforeignaffairs,,press.office@dfa.ie,,2022,16,84,,2,,Dublin,878,D02DX45
124,"Department of Health",https://www.gov.ie/en/organisation/department-of-health/,depthealth,,"customerservices@health.gov.ie, ministers_office@health.gov.ie",,2022,16,84,,2,,Dublin,788,D02XW14
125,"Department of Housing, Local Government and Heritage",https://www.gov.ie/en/organisation/department-of-housing-local-government-and-heritage/,depthousingheritage,,"qcsofficer@housing.gov.ie, press@housing.gov.ie, minister@housing.gov.ie, John.McGee@housing.gov.ie",,2022,16,84,,2,,Dublin,94,D01W6X0
126,"Department of Justice and the
Probation Service: Probation Service",https://www.gov.ie/en/organisation/department-of-justice/,dojprobationservice,,psinfo@probation.ie,2023,2022,16,84,127,2,,Dublin,,"D07 WT27"
127,"Department of Justice and the
Probation Service: the Department",https://www.gov.ie/en/organisation/department-of-justice/,doj,"Department of Justice, Home Affairs and Migration","pressoffice@justice.ie, info@justice.ie",,2022,16,84,127,2,,Dublin,450,D02HK52
128,"Department of Public Expenditure and Reform",https://www.gov.ie/en/organisation/department-of-public-expenditure-and-reform/,deptpublicexpenditure,,"pressoffice@per.gov.ie, Minister@per.gov.ie",,2022,16,84,,2,,Dublin,182,D02R583
129,"Department of Social Protection",https://www.gov.ie/en/organisation/department-of-social-protection/,deasp,,info@welfare.ie,,2022,16,84,,2,,Dublin,123,D01WY03
130,"Department of the Environment, Climate and Communications",https://www.gov.ie/en/organisation/department-of-the-environment-climate-and-communications/,deptenvironment,,customer.service@decc.gov.ie,,2022,16,84,,2,,Dublin,782,D04K7X4
131,"Department of the Taoiseach",https://www.gov.ie/en/organisation/department-of-the-taoiseach/,depttaoiseach,,"taoiseach@taoiseach.gov.ie, press.office@taoiseach.gov.ie, webmaster@taoiseach.gov.ie",,2022,16,84,,2,,Dublin,778,D02R583
132,"Department of Tourism, Culture, Arts, Gaeltacht, Sport and Media",https://www.gov.ie/en/organisation/department-of-tourism-culture-arts-gaeltacht-sport-and-media/,depttourism,,"press.office@tcagsm.gov.ie, ministers.office@tcagsm.gov.ie",,2022,16,84,,2,,Dublin,91,D02R5Y3
133,"Department of Transport",https://www.gov.ie/en/organisation/department-of-transport/,depttransport,,info@transport.gov.ie,,2022,16,84,,2,,Dublin,124,D02TR60
134,Depaul,https://ie.depaulcharity.org/,depaul,,depaul@depaulcharity.net,,2022,18,88,,,357828,Dublin,,D08
135,"DHL Express Ireland",https://www.dhl.com/ie-en/home.html,dhl,,,,2022,8,52,2113,,106091,Dublin,389,K67YY36
136,"Diageo Republic of Ireland (all legal entities)",https://www.diageo.com/en,diageo,,,,2022,3,32,136,,,Dublin,,"D08 X20N"
137,"Donegal County Council",https://www.donegalcoco.ie/,donegalcoco,,info@donegalcoco.ie,,2022,16,84,,3,,Donegal,,"F93 Y622"
138,"Doyle Collection",https://www.doylecollection.com/,doylecollection,,,,2022,9,55,,,,Dublin,,D04
139,Arcadis,https://www.dpsgroupglobal.com/,arcadisdpsgroup,"DPS Group",,,2022,14,71,,,340154,Dublin,,D02
140,"Dublin and Dun Laoghaire Education
and Training Board",https://www.ddletb.ie/home-page-new/,ddletb,,"info@ddletb.ie, webmaster@ddletb.ie",,2022,17,85,,6,,Dublin,,D02
141,"Dublin Bus",https://www.dublinbus.ie/home,dublinbus,,customercomment@dublinbus.ie,,2022,8,49,,,,Dublin,358,D01RX04
142,"Dublin Business School",https://www.dbs.ie/,dublinbusinessschool,,careerservices@dbs.ie,,2022,17,85,,,171193,Dublin,,D12
143,"Dublin City Council",https://www.dublincity.ie/residential,dublincitycouncil,,customerservices@dublincity.ie,,2022,16,84,,3,,Dublin,847,D08RF3F
144,"Dún Laoghaire-Rathdown County Council",http://www.dlrcoco.ie/,dlrcoco,,info@dlrcoco.ie,,2022,16,84,,3,,Dublin,861,A96K6C9
145,"Dundalk Institute of Technology",https://www.dkit.ie/,dundalkit,,info@dkit.ie,,2022,17,85,,4,,Louth,,A91
146,"Dunnes Stores",https://www.dunnesstores.com/,dunnesstores,,,,2022,7,47,,,,Dublin,,"D02 RX86"
147,"EA Ireland Ltd",https://www.ea.com/,ea,,info@eaireland.com,,2022,11,62,,,483375,Galway,,H91
148,"Eason & Son",https://www.easons.com/,easons,,support@easons.com,,2022,7,47,148,,1279,Dublin,,D06
149,eBay,http://www.ebay.ie/,ebay,,,,2022,12,64,,,422973,Dublin,,D15
150,Eir,https://www.eir.ie/,eir,,,,2022,11,61,,,,Dublin,,"D08 Y42N"
151,EirGrid,https://www.eirgrid.ie/,eirgrid,,info@eirgrid.com,,2022,4,35,,1,338522,Dublin,,D04
152,Elavon,https://www.elavon.ie/,elavon,,,,2022,12,64,152,,909884,Dublin,,D18
153,"Eli Lilly: Cork",https://www.lilly.com/,elilillycork,,UKMedInfo@Lilly.com,,2022,15,82,153,,615384,Cork,,T12
154,"Eli Lilly: Kinsale",https://www.lilly.com/,elilillykinsale,,UKMedInfo@Lilly.com,,2022,3,21,153,,590814,Cork,,T12
155,"Embecta Ireland",https://www.embecta.com/,embecta,,customercare_UKI@embecta.com,,2022,3,32,,,909700,Dublin,,D02
156,"Enterprise Ireland",https://www.enterprise-ireland.com/en/,enterpriseireland,,Oireachtas@enterprise-ireland.com,,2022,16,84,,1,,Dublin,,D03
157,"Enterprise Rent-A-Car",https://www.enterprise.ie/en/home.html,enterpriserentacar,,,,2022,15,77,,,,Dublin,,"K67 V5X0"
158,"Ericsson Ireland",https://www.ericsson.com/en,ericsson,,press.inquiries@ericsson.com,,2022,11,62,,,624989,Westmeath,,N91
159,ESB,https://esb.ie/,esb,,corporatecommunications@esb.ie,,2022,4,35,,1,339991,Dublin,,D02
160,ESW,https://esw.com/,esw,eShopWorld,global@eshopworld.com,,2022,7,47,,,,Dublin,,"K67 NY94"
161,"Expleo Technology Ireland",https://expleo.com/global/en/,expleo,,,,2022,11,62,,,307763,Dublin,,D08
162,"EY Ireland (excluding partners)",https://www.ey.com/en_ie,ey,,,,2022,14,69,162,,,Cork,,T12
163,"Failte Ireland",https://www.failteireland.ie/,failte,,CustomerSupport@failteireland.ie,,2022,16,84,,1,,Dublin,,D02
164,"Family Carers Ireland",https://familycarers.ie/,familycarersireland,,careline@familycarers.ie,,2022,18,88,,,572819,Offaly,307,R35PW50
165,FBD,https://www.fbd.ie/,fbd,,info@fbd.ie,,2022,12,65,,,140134,Dublin,,D15WY6A
166,"Fenergo Limited",https://www.fenergo.com/,fenergolimited,,"marketing@fenergo.com, support@fenergo.com",,2022,12,66,,,461382,Dublin,609,D01V8Y6
167,"Fidelity International",https://www.fidelityinternational.com/,fidelityinternational,,,,2022,12,64,,,,Dublin,372,"D24 W1HP"
168,"Fidelity Investments Ireland (all legal entities)",https://www.fidelityinvestments.ie/,fidelityinvestments,,,,2022,12,66,,,,Dublin,,D24
169,"FINEOS Ireland",https://www.fineos.com/,fineos,,,,2022,11,62,,,205721,Dublin,461,D03FT97
170,"Fingal County Council",https://www.fingal.ie/,fingalcoco,,customercareunit@fingal.ie,,2022,16,84,,3,,Dublin,,"D15 W638"
171,"First Derivatives",https://fdtechnologies.com/,fdtechnologies,"now KX Analytics",,,2022,12,64,,,745886,Dublin,,D04
172,"Fiserv Ireland",https://www.fiserv.com/en.html,fiserv,,,,2022,12,64,172,,782360,Dublin,,D02
173,"Inland Fisheries Ireland",https://www.fisheriesireland.ie/,fisheriesireland,,info@fisheriesireland.ie,,2022,16,84,,1,,Dublin,,D02
174,"Flutter (Head Office)",https://www.flutter.com/,flutterheadoffice,,corporatecomms@flutter.com,,2022,19,92,174,,16956,Donegal,,F92
175,"Focus Ireland",https://www.focusireland.ie/,focusireland,,help@focusireland.ie,,2022,18,88,,,,Clare,,V95
176,Foróige,https://www.foroige.ie/,foroige,,info@foroige.ie,,2022,18,88,,,,Dublin,,D12
177,"Freshways Food Company",https://freshwaysfoodco.ie/,freshwaysfoodcompany,,sales@freshways.ie,,2022,3,10,,,532235,Dublin,,D11
178,"Galco Group",https://galco.ie/,galcogroup,,dublin@galco.ie,,2022,3,25,,,24695,Dublin,,D12
179,"Galway City Council",https://www.galwaycity.ie/,galwaycitycouncil,,customerservice@galwaycity.ie,,2022,16,84,,3,,Galway,864,H91X4K8
180,"Galway Clinic",https://www.blackrockhealth.com/,galwayclinic,,,,2022,18,86,,7,,Galway,,H91
181,"Galway County Council",https://www.galway.ie/en/,galwaycoco,,customerservices@galwaycoco.ie,,2022,16,84,,3,,Galway,,"H91 H6KX"
182,"Gas Networks Ireland",https://www.gasnetworks.ie/,gasnetworksireland,,networksinfo@gasnetworks.ie,,2022,4,35,,1,555744,Cork,601,T12RX96
183,"GE Healthcare Ireland",https://www.gehealthcare.co.uk/,gehealthcare,,Privacy.GEHC@ge.com,,2022,16,84,,1,166586,Limerick,,V94
184,"General Motors IT Services (Ireland) Ltd",https://www.gm.com/,generalmotors,,,,2022,11,62,,,595594,Dublin,,D12
185,Glanbia,https://www.glanbia.com/,glanbia,,,,2022,3,10,,,129933,Dublin,,D05
186,"Glen Dimplex Heating & Ventilation",https://www.glendimplex.com/en-ie,glendimplex,,serviceireland@glendimplex.com,,2022,3,25,,,69636,Mayo,,F23
187,Glenveagh,https://glenveagh.ie/,glenveagh,,enquiries@glenveagh.ie,,2022,6,41,187,,69241,Dublin,,D12
188,"Global Shares",https://www.globalshares.com/ie/,globalshares,,,,2022,12,66,782,,412396,Cork,,T12
189,"Go-Ahead Ireland",https://www.goaheadireland.ie/,goaheadireland,,customercomment@goaheadireland.ie,,2022,8,49,,,610541,Dublin,,D12
190,"Goodbody Stockbrokers",https://www.goodbody.ie/,goodbodystockbrokers,,support@goodbody.ie,,2022,12,66,,,54223,Cork,,T12
191,"Google Cloud EMEA Limited",https://cloud.google.com/,googlecloud,,,,2022,11,62,191,,660412,Dublin,,D02
192,"Google Ireland Limited",https://about.google/,google,,,,2022,11,62,191,,368047,Dublin,,D04
193,"Grant Thornton (excluding partners)",https://www.grantthornton.ie/,grantthornton,,info@ie.gt.com,,2022,14,69,,,63459,Clare,,V95
194,"Grosvenor Services",https://grosvenorservices.com/,grosvenorservices,,askhr@grosvenorservices.com,,2022,15,81,,,509669,Dublin,,D18
195,"H&M Hennes & Mauritz (Ireland) Limited",https://www2.hm.com/en_ie/index.html,handm,,customerservice.ie@hm.com,,2022,7,47,,,396507,Dublin,,D01
196,"Haleon (all legal entities)",https://www.haleon.com/,haleon,,,,2022,3,21,196,,24797,Meath,,C15
197,"Harry Corry Interiors",https://www.harrycorry.com/,harrycorry,,enquiries@harrycorry.com,,2022,7,47,,,908416,Louth,,A92
198,"Hays Specialist Recruitment Ireland Limited",https://www.hays.ie/,hays,,customerserviceireland@hays.com,,2022,15,78,,,252320,Galway,,H91
199,"Health Products Regulatory Authority",https://www.hpra.ie/,hpra,HPRA,info@hpra.ie,,2022,16,84,,1,,Dublin,223,D02XP77
200,"Health Service Executive",https://www.hse.ie/,hse,HSE,,,2022,16,84,,1,,Dublin,495,D08W2A8
201,"Heat Merchants Group",https://www.heatmerchants.ie/,heatmerchantsgroup,,enquiries@heatmerchants.ie,,2022,7,46,,,,Dublin,,"D24 VY89"
202,"HedgeServ Ireland",https://www.hedgeserv.com/,hedgeserv,,info@hedgeserv.com,,2022,12,64,,,451010,Dublin,,D02
203,"Heineken Ireland",https://www.heinekenireland.ie/,heineken,,info@heineken.ie,,2022,3,11,,,90921,Limerick,,V94
204,"Henry J Lyons",https://henryjlyons.com/,henryjlyons,,info@henryjlyons.com,,2022,14,71,,,,Cork,,T12
205,"Hermitage Clinic",https://www.blackrockhealth.com/,hermitageclinic,,,,2022,18,86,,7,395700,Dublin,,D20
206,"Hewlett Packard - HP Galway",https://www.hp.com/ie-en/home.html,hpgalway,,,,2022,11,62,207,,361933,Dublin,,D02
207,"Hewlett Packard - HPE Ireland",https://www.hp.com/ie-en/home.html,hpe,,,,2022,11,62,207,,556434,Kildare,,W23
208,"Health Information and Quality Authority",https://www.hiqa.ie/,hiqa,HIQA,info@hiqa.ie,,2022,16,84,,1,,Cork,111,T12Y2XT
209,"Horse Racing Ireland",https://www.hri.ie/,horseracingireland,,info@hri.ie,,2022,19,93,,1,,Kildare,,R56
210,"Houses of the Oireachtas Service",https://www.oireachtas.ie/,housesoireachtas,,info@oireachtas.ie,,2022,16,84,,1,,Dublin,168,D02XR20
211,"HSBC Ireland (all legal entities)",https://www.hsbc.ie/,hsbc,,,,2022,12,64,,,,Dublin,,"D02 P820"
212,HubSpot,https://www.hubspot.com/,hubspot,,,,2022,11,62,,,515723,Dublin,,D02
213,IADT,https://iadt.ie/,iadt,,info@iadt.ie,,2022,17,85,,4,,Dublin,,"A96 KH79"
214,"Iarnród Éireann",https://www.irishrail.ie/,iarnrodeireann,"Irish Rail",customercare@irishrail.ie,,2022,8,49,,1,119571,Dublin,,D01
215,Ibec,https://www.ibec.ie/,ibec,,info@ibec.ie,,2022,20,94,,,8706,Waterford,,X91
216,IBM,https://www.ibm.com/uk-en,ibm,,ibmenquire@ie.ibm.com,,2022,11,62,,,16226,Kildare,,"W91 W20V"
217,"ICON Clinical Research Limited (Ireland)",https://www.iconplc.com/,icon,,,,2022,14,72,,,201978,Kildare,,W23
218,"IDA Ireland",https://www.idaireland.com/,ida,,idaireland@ida.ie,,2022,16,84,,1,,Dublin,569,D02FX65
219,"IKEA Ireland",https://www.ikea.com/ie/en/,ikea,,,,2022,7,47,,,400143,Dublin,,D02
220,"Indeed Ireland Operations Ltd",https://ie.indeed.com/about,indeed,,,,2022,11,62,,,508192,Dublin,,D02
221,"Infosys BPM",https://www.infosysbpm.com/,infosysbpm,,,,2022,14,69,,,907632,Dublin,,D24
222,"Intel Ireland (Overall)",https://www.intel.ie/content/www/ie/en/company-overview/intel-in-ireland.html,intelall,,,,2022,3,26,222,,902934,Kildare,,W23
223,"IQVIA RDS Ireland Limited",https://www.iqvia.com/,iqvia,,,,2022,18,86,,,162942,Louth,,A92
224,"Irish Aviation Authority",https://www.iaa.ie/,iaa,IAA,,,2022,16,84,,1,,Cork,,T12
225,"Irish Cancer Society",https://www.cancer.ie/,irishcancersociety,,info@irishcancer.ie,,2022,18,88,,,20868,Clare,,V95
226,"Irish Distillers (all legal entities)",https://www.irishdistillers.ie/,irishdistillers,,info@irishdistillers.ie,,2022,3,11,226,,,Dublin,,"D04 W9H6"
227,"Irish Life Group (all legal entities)",https://www.irishlife.ie/,irishlifegroup,,customerservice@irishlife.ie,,2022,12,65,227,,,Dublin,,"D01 V5Y2"
228,"Irish Prison Service: Civilian Grades",https://www.irishprisons.ie/,ipscivilian,,info@irishprisons.ie,,2022,16,84,228,1,,Longford,,"N39 A308"
229,"Irish Prison Service: Prison Grades",https://www.irishprisons.ie/,ipsprison,,info@irishprisons.ie,,2022,16,84,228,1,,Longford,838,N39A308
230,"Uisce Éireann",https://www.water.ie/,irishwater,"Irish Water",customerservice@water.ie,,2022,5,36,,,530363,Dublin,160,D01NP86
231,"Irish Wheelchair Association",https://www.iwa.ie/,irishwheelchairassociation,,info@iwa.ie,,2022,18,88,,1,,Dublin,,D03
232,"ISS Facility Services Ireland",https://www.issworld.com/en-ie,issfacility,,sales@ie.issworld.com,,2022,15,81,,,,Dublin,,"D24 DCW0"
233,"Jabil Ireland",https://www.jabil.com/,jabil,,,,2022,3,26,,,795001,Dublin,,D01
234,"Jacobs (All legal entities)",https://www.jacobs.com/,jacobs,,,,2022,6,42,234,,902681,Dublin,,D04
235,"JD Sports Fashion",https://www.jdsports.ie/,jdsports,,,,2022,7,47,,,,Dublin,,"D02 KF20"
236,"JLL Services Ireland",https://www.jll.ie/,jll,,,,2022,13,68,236,,,Dublin,,D02
237,"John Paul Construction",https://www.johnpaul.ie/,johnpaulconstruction,,info@johnpaul.ie,,2022,6,41,,,361432,Dublin,488,D18C9C5
238,"John Sisk and Son",https://www.johnsiskandson.com/,johnsiskandson,,T.Byrne@sisk.ie,,2022,6,41,238,,621775,Dublin,,D22
239,"JPMSE Dublin Branch",https://www.jpmorgan.com/global,jpmsedublin,,,,2022,12,64,782,,909645,Dublin,,D02
240,"KBC Bank Ireland",https://www.kbc.com/en/kbc-ireland.html,kbcbank,,,2024,2022,12,64,,,904213,Dublin,,D02
241,Kellanova,https://www.kellanova.com/us/en/home.html,kellanova,"Kellogg Europe Trading Ltd",,,2022,3,10,,,387390,Dublin,387,K67X4X5
242,"Kelly Services (IRE) Limited",https://www.kellyservices.ie/,kellyservices,,info@kellyservices.ie,,2022,15,78,,,,Cork,,"T12 A33W"
243,"Kerry County Council",https://www.kerrycoco.ie/,kerrycoco,,info@kerrycoco.ie,,2022,16,84,,3,,Kerry,,"V92 H7VT"
244,"Kerry Group",https://www.kerry.com/,kerrygroup,,emeakerrycentre@kerry.com,,2022,3,10,,,,Kerry,,V92
245,"Keywords International Ltd. (Dublin Studio)",https://www.keywordsstudios.com/en/,keywordsinternational,,privacy@keywordsstudios.com,,2022,11,62,,,286266,Monaghan,,H18
246,"Kildare County Council",https://kildarecoco.ie/,kildarecoco,,customerservice@kildarecoco.ie,,2022,16,84,,3,,Kildare,,"W91 X77F"
247,"Kilkenny County Council",https://www.kilkennycoco.ie/,kilkennycoco,,info@kilkennycoco.ie,,2022,16,84,,3,,Kilkenny,229,R95A39T
248,"Kilsaran Concrete",https://www.kilsaran.ie/,kilsaranconcrete,,info@kilsaran.ie,,2022,3,23,248,,23927,Dublin,,D03
249,"Kingspan Limited",https://www.kingspan.com/ie/en/,kingspan,,,,2022,6,43,,,40188,Meath,289,A82XY31
250,"KPMG (excluding partners)",https://kpmg.com/ie/en/home.html,kpmg,,info@kpmg.ie,,2022,14,71,,,39058,Limerick,,V94
251,"Kyte Powertech Limited",https://www.kytepowertech.com/,kytepowertech,,,,2022,3,26,,,57687,Cavan,,H12
252,L'Oreal,https://www.loreal.com/en/uki/,loreal,,UKconsumeradvice@loreal.com,,2022,7,46,,,901549,Dublin,,D02
253,"Lakeland Dairies",https://lakelanddairies.com/,lakelanddairies,,info@lakelanddairies.com,,2022,3,10,,,639269,Cavan,,H12
254,"Laois County Council",https://laois.ie/,laoiscoco,,corpaffairs@laoiscoco.ie,,2022,16,84,,3,,Laois,,"R32 EHP9"
255,"Laya Healthcare",https://www.layahealthcare.ie/,layahealthcare,,info@layahealthcare.ie,,2022,12,65,,,242048,Donegal,,F92
256,"Legal Aid Board",https://www.legalaidboard.ie/,legalaidboard,,info@legalaidboard.ie,,2022,14,69,,1,,Kerry,797,V23RD36
257,"Leitrim County Council",https://www.leitrimcoco.ie/,leitrimcoco,,customerservices@leitrimcoco.ie,,2022,16,84,,3,,Leitrim,,"N41 PF67"
258,Lidl,https://www.lidl.ie/,lidl,,pr@lidl.ie,,2022,7,47,,,904141,Dublin,,D24
259,"Limerick City & County Council",https://www.limerick.ie/council,limerickcitycoco,,customerservices@limerick.ie,,2022,16,84,,3,,Limerick,,"V94 EH90"
260,Linesight,https://www.linesight.com/,linesight,,,,2022,6,43,260,,611826,Dublin,,D04
261,"Longford County Council",https://www.longfordcoco.ie/,longfordcoco,,customerservices@longfordcoco.ie,,2022,16,84,,3,,Longford,,"N39 C5F2"
262,"Louth County Council",https://www.louthcoco.ie/,louthcoco,,info@louthcoco.ie,,2022,16,84,,3,,Louth,,"A91 KFW6"
263,"M&S Ireland",https://www.marksandspencer.com/ie/,mands,,,,2022,7,47,263,,,Dublin,,"D01 YE83"
264,"Magna International Autolaunch Ireland Limited",https://www.magna.com/,magna,,,,2022,3,32,,,351103,Dublin,,D02
265,"Marsh Employee Benefits Ltd",https://www.marsh.com/ie/home.html,marshemployeebenefits,,,,2022,12,66,265,,313592,Dublin,,D03
266,"Mary Immaculate College",https://www.mic.ul.ie/,maryimmaculatecollege,,,,2022,17,85,,4,,Tipperary,,"E41 C424"
267,"Mason, Hayes & Curran (incl. partners)",https://www.mhc.ie/,masonhayescurran,,dublin@mhc.ie,,2022,14,69,267,,331279,Dublin,,D04
268,"Mastercard Ireland",https://www.mastercard.ie/en-ie.html,mastercard,,,,2022,15,82,,,499963,Dublin,,D18
269,"Matheson: Matheson LLP (including partners)",https://www.matheson.com/,mathesonllp,,dublin@matheson.com,,2022,14,69,269,,676004,Galway,,H91
270,"Matheson: Support Services (including partners)",https://www.matheson.com/about-us/matheson-in-house-network,mathesonsupportservices,,dublin@matheson.com,,2022,14,69,269,,109335,Dublin,,D02
271,"Maynooth University",https://www.maynoothuniversity.ie/,maynoothuniversity,,"web@mu.ie, communications@mu.ie",,2022,17,85,,4,,Kildare,502,W23X04D
272,"Mayo County Council",https://www.mayo.ie/,mayococo,,info@mayo.ie,,2022,16,84,,3,,Mayo,,"F12 V126"
273,"McCann Fitzgerald (excluding partners)",https://www.mccannfitzgerald.com/,mccannfitzgerald,,inquiries@mccannfitzgerald.com,,2022,14,69,,,,Dublin,,D02
274,"McKesson Ireland (acquired by Phoenix Group)",https://mckessoncork.ie/,mckesson,,receptionirl@mckesson.com,2022,2022,3,21,,,,Dublin,,"D17 N603"
275,"Meath County Council",https://www.meath.ie/,meathcoco,,customerservice@meathcoco.ie,,2022,16,84,,3,,Meath,299,C15Y291
276,"Mediahuis Ireland",https://www.mediahuis.ie/,mediahuis,,info@mediahuis.ie,,2022,10,58,,,153066,Dublin,,D05
277,Medtronic,https://www.medtronic.com/en-ie/our-company/medtronic-ireland.html,medtronic,,,,2022,18,86,,,275799,Dublin,,D02
278,"Merck Millipore",https://www.merckmillipore.com/IE/en,merckmillipore,,"eoin.weldon@merckgroup.com, IEcustomerservice@millipore.com",,2022,3,35,,,451973,Dublin,,K36N527
279,"Mercury Ireland UC",https://www.mercuryeng.com/,mercuryeng,"Mercury Engineering",info@mercuryeng.com,,2022,6,41,,,225667,Dublin,,D02
280,"Mercy University Hospital",https://www.muh.ie/,mercyuniversityhospital,,ovanlaren@muh.ie,,2022,18,86,,5,353064,Cork,,T12
281,"Merit Medical Ireland",https://www.merit.com/,meritmedical,,,,2022,3,32,,,210890,Dublin,,D02
282,"Meta Ireland (all legal entities)",https://about.meta.com/,meta,,press@meta.com,,2022,11,62,282,,,Dublin,,"D04 H0C9"
283,"Microsoft (all legal entities)",https://www.microsoft.com/en-ie,microsoft,,,,2022,11,62,283,,,Dublin,,"D18 P521"
284,ABM,https://abmireland.com/,abm,"Momentum Support",,,2022,15,81,,,91300,Mayo,,F23
285,"Monaghan County Council",https://monaghan.ie/,monaghancoco,,info@monaghancoco.ie,,2022,16,84,,3,,Monaghan,207,H18YT50
286,MSD,https://msd-ireland.com/,msd,,info@msd.ie,,2022,3,21,286,,906390,Tipperary,,E34
287,"MUFG Investor Services Ireland",https://www.mufg-investorservices.com/,mufg,,,,2022,12,64,,,384000,Dublin,,D02
288,"Munster Technological University",https://www.mtu.ie/,mtu,MTU,"infoCork@mtu.ie,infoKerry@mtu.ie",,2022,17,85,,4,,Cork,,"T12 P928"
289,"Musgrave: Cedarglade",https://www.musgravegroup.com/,musgravecedarglade,,group@musgrave.ie,,2022,7,46,289,,526688,Cork,,T12
290,"Musgrave: Musgrave Limited",https://www.musgravegroup.com/,musgravelimited,,group@musgrave.ie,,2022,7,46,289,,1776,Cork,,T12
291,"Musgrave: Musgrave Operating Partners Ireland (MOPI) ",https://www.musgravegroup.com/,mopi,,group@musgrave.ie,,2022,7,46,289,,501275,Cork,,T12
292,Nandos,https://www.nandos.ie/,nandos,,,,2022,9,56,,,451340,Dublin,718,D04XN32
293,"National Co-operative Farm Relief Services Limited (FRS Network)",https://www.frsnetwork.ie/frs-network/,frscoop,,,,2022,20,94,,,,Tipperary,,"E53 EV90"
294,"National College of Ireland",https://www.ncirl.ie/,ncirl,,info@ncirl.ie,,2022,17,85,,4,134303,Dublin,,D02PR84
295,"National Shared Services Office",https://nsso.gov.ie/,nsso,,hrcontact@nsso.gov.ie,,2022,16,84,,1,,Dublin,851,D02EF85
296,"National Transport Authority",https://www.nationaltransport.ie/,nta,,info@nationaltransport.ie,,2022,16,84,,1,,Westmeath,,N91
297,"National Treasury Management Agency",https://www.ntma.ie/,ntma,NTMA,info@ntma.ie,,2022,16,84,,1,,Dublin,108,D01A9T8
298,"Vision Ireland",https://vi.ie/,visionireland,NCBI,communications@vi.ie,,2022,18,88,,,527864,Dublin,,D09
299,"New Ireland Assurance",https://www.newireland.ie/,newirelandassurance,,info@newireland.ie,,2022,12,66,54,,,Dublin,,D04
300,"Northern Trust",https://www.northerntrust.com/europe/home,northerntrust,,info@ntrs.com,,2022,12,66,,,322077,Donegal,,F92
301,"Novartis: Novartis Ireland Limited",https://www.novartis.com/,novartis,,info.dublin@novartis.com,,2022,3,21,,,11931,Dublin,278,D04A9N6
303,"Nua Healthcare Services",https://www.nuahealthcare.ie/,nuahealthcare,,info@nuahealthcare.ie,,2022,18,86,,,389274,Kildare,,W23
304,"Offaly County Council",https://www.offaly.ie/,offalycoco,,customerservices@offalycoco.ie,,2022,16,84,,3,,Offaly,,"R35 F893"
305,"Office of Public Works: Established Staff",https://www.gov.ie/en/organisation/office-of-public-works/,opwestablishedstaff,,info@opw.ie,,2022,16,84,305,1,,Meath,,C15
306,"Office of Public Works: State industrial Staff",https://www.gov.ie/en/organisation/office-of-public-works/,opwstateindustrialstaff,,info@opw.ie,,2022,16,84,305,1,,Meath,,C15
307,"Ornua Co-operative Ltd",https://www.ornua.com/,ornua,,Consumerfoods.Europe@ornua.com,,2022,3,10,,,40615,Wexford,,Y35
308,"Orwell Healthcare",https://orwellhealthcare.ie/,orwellhealthcare,,info@orwellhealthcare.ie,,2022,18,87,,,,Dublin,,D02
309,"Our Lady's Hospice and Care Services",https://olh.ie/,ourladyshospice,,info@olh.ie,,2022,18,87,,1,352404,Dublin,,D06
310,Paypal,https://www.paypal.com/ie/home,paypal,,enquiry@paypal.com,,2022,11,62,,,646492,Dublin,,D15
311,Pepper,https://www.pepper-advantage.ie/,pepper,,comms@peppergroup.ie,,2022,12,64,,,,Dublin,,D02
312,PTSB,https://www.ptsb.ie/,ptsb,"Permanent TSB",,,2022,12,64,,,222332,Dublin,,D07
313,"Peter Mark",https://www.petermark.ie/,petermark,,enquiries@petermark.ie,,2022,20,96,,,515750,Dublin,,"D01 TH72"
314,"Pfizer Ireland (all legal entities)",https://www.pfizer.ie/,pfizer,,mediaqueriesireland@pfizer.com,,2022,3,21,314,,,Dublin,,"D04 K7N3"
315,"PJ Hegarty & Sons",https://www.pjhegarty.ie/,pjhegartysons,,pjhdublin@pjhegarty.ie,,2022,6,41,,,,Limerick,,V94
316,"PM Group",https://www.pmgroup-global.com/,pmgroup,,,,2022,14,74,,,452049,Dublin,554,D24XFW2
317,"PrepayPower Limited",https://www.prepaypower.ie/,prepaypower,,customer.care@prepaypower.ie,,2022,4,35,,,467144,Dublin,,D18R9C7
318,PricewaterhouseCoopers,https://www.pwc.ie/,pwc,PwC,info@pwc.ie,,2022,12,64,,,288095,Dublin,592,D01X9R7
319,Primark,https://www.primark.com/en-ie,primark,Penneys,,,2022,7,47,,,47371,Cork,,T12
320,"Tailte Éireann NSSO",https://www.tailte.ie/,tailteeireann,"Property Registration Authority",customer.services@tailte.ie,,2022,16,84,,1,,Dublin,,D07
321,"Public Appointments Service",https://www.publicjobs.ie/en/,pas,PAS,info@publicjobs.ie,,2022,16,84,,1,,Dublin,639,D01C7W6
322,Regeneron,https://www.regeneron.ie/,regeneron,,Info.Ireland@regeneron.com,,2022,14,72,,,519550,Dublin,,K34V585
323,Rehab,https://rehab.ie/,rehab,,info@rehab.ie,,2022,18,88,,,14800,Dublin,,D02
324,Respond,https://www.respond.ie/,respond,,info@respond.ie,,2022,18,88,,,90576,Dublin,,D02
325,"Rexel: Kellihers Electrical",https://www.rexel.com/,rexelkellihers,,web@rexel.ie,,2022,7,46,,,,Dublin,,"D12 RK76"
326,"River Island",https://www.riverisland.com/ie,riverisland,,,,2022,7,47,,,379357,Dublin,,D01
327,"Roscommon County Council",https://www.roscommoncoco.ie/,roscommoncoco,,info@roscommoncoco.ie,,2022,16,84,,3,,Roscommon,,"F42 VR98"
328,"Royal Victoria Eye and Ear Hospital",https://www.rveeh.ie/,royalvictoriaeyeandear,,QualityandSafety@rveeh.ie,,2022,18,86,,5,514473,Dublin,,D02
329,"RPS Group Limited",https://www.rpsgroup.com/,rpsgroup,,websiteteam@rpsgroup.com,,2022,14,70,,,91911,Cork,,"P25 WK13"
330,"Road Safety Authority",https://www.rsa.ie/,rsa,RSA,info@rsa.ie,,2022,16,84,,1,,Mayo,,"F26 V6E4"
331,"Intact Insurance",https://www.rsagroup.ie/,rsainsurance,"formerly RSA Insurance",info@ie.rsagroup.com,,2022,12,65,,,148094,Dublin,414,D16FC92
332,RTE,https://www.rte.ie/,rte,,info@rte.ie,,2022,10,60,,,364909,Dublin,312,D04P297
333,Ryanair,https://www.ryanair.com/ie/en,ryanair,,customerqueries@ryanair.com,,2022,8,51,,,104547,Cork,,T12
334,"Salesforce Ireland",https://www.salesforce.com/,salesforce,,,,2022,11,62,,,,Dublin,,"D01 W2Y3"
335,"Sanofi: Genzyme Ireland Ltd",https://www.sanofi.ie/,sanofigenzyme,,IEinformation@sanofi.com,,2022,3,21,,,316537,Dublin,,D18
336,"SAP Landscapes",https://saplandscapes.ie/,saplandscapes,,mail@saplandscapes.ie,,2022,15,82,,,100813,Dublin,,D02
337,"SAP: Business Objects Software Limited",https://www.sap.com/uk/about/company/office-locations/ireland.html,sapbobj,,,,2022,11,62,337,,348693,Dublin,,D24
338,"SAP: SAP Service and Support Centre (Ireland) Limited",https://www.sap.com/uk/about/company/office-locations/ireland.html,sapssc,,,,2022,11,62,337,,367746,Dublin,,D24
339,"Savills Ireland",https://www.savills.ie/,savills,,info@savills.ie,,2022,13,68,,,319534,Dublin,,D14
340,"Screwfix Republic of Ireland",https://www.screwfix.ie/,screwfix,,online@screwfix.ie,,2022,7,47,,,645397,Dublin,,D02
341,"Sherry FitzGerald",https://www.sherryfitz.ie/,sherryfitzgerald,,info@sherryfitz.ie,,2022,13,68,,,37623,Dublin,,D02
342,SIPTU,https://www.siptu.ie/,siptu,,info@siptu.ie,,2022,20,94,,,,Dublin,,D01
343,Sky,https://www.sky.com/ie,sky,,mysky@sky.ie,,2022,10,60,,,547787,Dublin,,D04
344,"Sligo County Council",https://www.sligococo.ie/,sligococo,,info@sligococo.ie,,2022,16,84,,3,,Sligo,,"F91 Y763"
345,"Smurfit Kappa",https://www.smurfitkappa.com/ie,smurfitkappa,,,,2022,3,17,345,,2263,Clare,,V95
346,"Smyths Toys",https://www.smythstoys.com/ie/en-ie,smythstoys,,cshelpdesk@smythstoys.com,,2022,7,47,346,,119138,Dublin,,D09
347,"Society of St. Vincent de Paul",https://www.svp.ie/,svp,,info@svp.ie,,2022,20,94,,,,Dublin,,"D01 WV38"
348,Sodexo,https://ie.sodexo.com/home.html,sodexo,,press.office@sodexo.com,,2022,7,46,,,180309,Kildare,,W23
349,"South Dublin County Council",https://www.sdcc.ie/en/,southdublincoco,,info@sdublincoco.ie,,2022,16,84,,3,,Dublin,,"D24 YNN5"
350,"South East Technological University",https://www.setu.ie/,setu,,info@setu.ie,,2022,17,85,,4,,Waterford,,"X91 K0EK"
351,"SSE Renewables",https://www.sseairtricity.com/ie/home/,sseairtricity,,,,2022,4,35,1067,,331742,Dublin,,D18
352,"St James's Hospital",https://www.stjames.ie/,stjameshospital,,humanresources@stjames.ie,,2022,18,86,,5,,Dublin,,D08
353,Stripe,https://stripe.com/en-ie,stripe,,heretohelp@stripe.com,,2022,12,64,353,,513174,Dublin,,D02
354,Stryker,https://www.stryker.com/index.html,stryker,,,,2022,10,32,,,272391,Kerry,,V92
355,"Sun Life",https://www.sunlife.ie/en/,sunlife,,,,2022,12,66,,,746848,Dublin,,D02
356,"Sysco Ireland",https://syscoireland.com/,sysco,,,,2022,11,62,,,77046,Waterford,,X91
357,"Takeda Ireland",https://www.takeda.com/,takeda,,UKandIEComms@takeda.com,,2022,3,21,1206,,233508,Kilkenny,,R95
358,"Tayto Snacks",https://taytosnacks.ie/,taytosnacks,,,,2022,3,10,,,80072,Meath,,C15
359,"Tata Consultancy Services",https://www.tcs.com/,tcs,TCS,,,2022,11,62,,,683660,Dublin,,D02
360,Teagasc,https://www.teagasc.ie/,teagasc,,info@teagasc.ie,,2022,16,84,,1,,Carlow,,R93
361,"Technological University Dublin",https://tudublin.ie/,tudublin,,hello@tudublin.ie,,2022,17,85,,4,,Dublin,,"D24 T6TC"
362,"Technological University of the Shannon",https://tus.ie/,tushannon,TUS,"reception.midlands@tus.ie, reception.midwest@tus.ie",,2022,17,85,,4,,Westmeath,,N37HD68
363,"Tesco Ireland",https://www.tesco.ie/,tesco,,press.office_ROI@tesco.com,,2022,7,47,,,19542,Limerick,,V94
364,"The Coombe Hospital",https://www.coombe.ie/,thecoombe,,hr@coombe.ie,,2022,18,86,,5,,Dublin,,D02
365,"The Defence Organisation: Civil Servant Employees",https://www.gov.ie/en/organisation/department-of-defence/,defenceorgcivilservant,,info@defence.ie,,2022,16,84,365,1,,Kildare,,W12
366,"The Defence Organisation: Civilian Employees",https://www.gov.ie/en/organisation/department-of-defence/,defenceorgcivilian,,info@defence.ie,,2022,16,84,365,1,,Kildare,,W12
367,"The Defence Organisation: Defence Forces",https://www.gov.ie/en/organisation/department-of-defence/,defenceorgdefenceforces,,info@defence.ie,,2022,16,84,365,1,,Kildare,,W12
368,"Department of Children, Equality, Disability, Integration and Youth",https://www.gov.ie/en/organisation/department-of-children-equality-disability-integration-and-youth/,deptchildrenequality,,"contact@equality.gov.ie, minister@equality.gov.ie",,2022,16,84,,2,,Dublin,79,D02XW14
369,"The Environmental Protection Agency",https://www.epa.ie/,epa,,info@epa.ie,,2022,16,84,,1,,Wexford,175,Y35W821
370,"The Irish Times",https://www.irishtimes.com/,theirishtimes,,"hrdept@irishtimes.com, enquiries@irishtimes.com",,2022,10,58,,,2514,Meath,,C15
371,"The Revenue Commissioners",https://www.revenue.ie/,revenuecommissioners,,,,2022,16,84,,1,,Dublin,139,D02YF98
372,TikTok,https://www.tiktok.com/en/,tiktok,,,,2022,11,62,,,635755,Dublin,,D02
373,"Tipperary County Council",https://www.tipperarycoco.ie/,tipperarycoco,,customerservices@tipperarycoco.ie,,2022,16,84,,3,,Tipperary,242,E91N512
374,Tirlán,https://www.tirlan.com/,tirlan,"Glanbia Ireland",,,2022,3,10,,,501098,Kilkenny,,R95
375,"TJX Ireland",https://www.tjx.com/businesses/europe/tkmaxx,tjx,,customerservice@tjxeurope.com,,2022,7,47,,,316341,Dublin,,D02CP04
376,"Top Oil",https://www.top.ie/,topoil,,,,2022,7,47,,,,Wicklow,,A67
377,"Transport Infrastructure Ireland",https://www.tii.ie/,tii,TII,info@tii.ie,,2022,16,84,,1,,Dublin,,D02
378,"Trend Micro",https://www.trendmicro.com/en_ie/business.html,trendmicro,,support@trendmicro.com,,2022,11,62,,,364951,Cork,,T12
379,"Trinity College Dublin",https://www.tcd.ie/,tcd,,ANTOINETTE.QUINN@tcd.ie,,2022,17,85,,4,,Dublin,,"D02 PN40"
380,"Tusla Child and Family Agency",https://www.tusla.ie/,tusla,,info@tusla.ie,,2022,16,84,,1,,Dublin,,D02
381,"Twitter Ireland",https://twitter.com/?lang=en,twitter,,support@twitter.com,,2022,11,62,,,909699,Dublin,,D02
382,"Uniphar: Hickey's Pharmacy Group Limited",https://www.uniphar.ie/,unipharhickeys,,info@uniphar.ie,,2022,7,47,1213,,291994,Wicklow,,A63
383,"Uniphar: Medtech",https://www.unipharmedtech.com/,unipharmedtech,"SISK Healthcare",info@uniphar.ie,,2022,18,86,1213,,47888,Galway,,H91
384,"Uniphar: Uniphar Wholesale Limited",https://www.uniphar.ie/,unipharwholesale,,info@uniphar.ie,,2022,7,46,1213,,37511,Dublin,,D02
385,"University College Cork ",https://www.ucc.ie/,ucc,UCC,,,2022,17,85,,4,,Cork,,"T12 K8AF"
386,"University College Dublin",https://www.ucd.ie/,ucd,UCD,communications@ucd.ie,,2022,17,85,,4,,Dublin,,"D04 V1W8"
387,"University of Limerick",https://www.ul.ie/,ul,,reception@ul.ie,,2022,17,85,,4,,Limerick,468,V94T9PX
388,"Utmost International Ireland",https://utmostinternational.com/,utmost,,CCSFrontoffice@utmost.ie,,2022,12,66,,,529604,Dublin,,D02
389,"Valeo Foods",https://valeofoods.ie/,valeofoods,,info@valeofoods.com,,2022,7,46,,,141059,Dublin,,D11
390,Veolia,https://www.veolia.ie/,veolia,,,,2022,4,35,,,314060,Waterford,,X91
391,"Version 1",https://www.version1.com/,versionone,,info@version1.com,,2022,11,62,,,532721,Dublin,345,D01F5P8
392,"VHI (all legal entities)",https://www1.vhi.ie/,vhi,,info@vhi.ie,,2022,12,65,392,,,Dublin,645,D01DX77
393,"VMware Broadcom",https://www.vmware.com/,vmware,Broadcom,,,2022,11,62,,,657011,Dublin,,D02
394,"Vodafone Ireland Group (all legal entities)",https://n.vodafone.ie/en.html,vodafone,,,,2022,11,61,394,,,Dublin,,"D18 FK72"
395,"Waterford City & County Council",https://www.waterfordcouncil.ie/,waterfordcitycoco,,"contact@waterfordcouncil.ie, website@waterfordcouncil.ie",,2022,16,84,,3,,Waterford,,"X91 XH42"
396,"Westmeath County Council",https://www.westmeathcoco.ie/,westmeathcoco,,Secretar@westmeathcoco.ie,,2022,16,84,,3,,Westmeath,920,N91Fh4N
397,"Wexford County Council",https://www.wexfordcoco.ie/,wexfordcoco,,customerservice@wexfordcoco.ie,,2022,16,84,,3,,Wexford,,"Y35 WY93"
398,"Wicklow County Council",https://www.wicklow.ie/,wicklowcoco,,CustomerService@wicklowcoco.ie,,2022,16,84,,3,,Wicklow,,"A67 FW96"
399,"William Fry (excluding partners)",https://www.williamfry.com/,williamfry,,recruit@williamfry.com,,2022,14,69,,,347619,Dublin,,D02
400,"Windsor Motor Group",https://www.windsor.ie/,windsormotorgroup,,info@windsor.ie,,2022,7,47,,,,Dublin,,K67
401,Workday,https://www.workday.com/,workday,,,,2022,11,62,,,521013,Dublin,,D07
402,Workhuman,https://www.workhuman.com/,workhuman,Globoforce,,,2022,14,70,,,264562,Dublin,,D15
403,"WTW (all legal entities)",https://www.wtwco.com/en-ie,wtw,,info@willistowerswatson.com,,2022,12,66,403,,,Dublin,,"D04 P231"
404,"WuXi Biologics",https://www.wuxibiologics.com/,wuxibiologics,,,,2022,3,21,404,,622307,Louth,,A92
405,Zendesk,https://www.zendesk.com/,zendesk,,peopleandplaces@zendesk.com,,2022,15,82,,,519184,Dublin,,D02
406,"Zoetis Belgium S.A. (Irish Branch) ",https://www.zoetis.com/,zoetisbelgium,,,,2022,14,75,,,908417,Dublin,,D18
407,"Zurich (all legal entities)",https://www.zurich.ie/,zurich,,,,2022,12,65,407,,,Dublin,,"A94 KX54"
520,"Department of Further and Higher Education, Research, Innovation and Science",https://www.gov.ie/en/organisation/department-of-higher-education-innovation-and-science/,deptfurthereducation,,,,2022,16,84,,2,,Dublin,89,D02DR67
521,"Irish Rugby Football Union",https://www.irishrugby.ie/,irfu,IRFU,,,2022,19,93,,,,Dublin,,"D04 F720"
522,Alexion,https://alexion.com/worldwide/Ireland,alexion,,,,2022,3,21,522,,528477,,,
523,"Flutter (Retail)",https://www.flutter.com/,flutterretail,,,,2022,19,92,174,,769877,Dublin,,D04
524,"Health and Safety Authority",https://www.hsa.ie/eng/,hsa,HSA,,,2023,16,84,,1,,Louth,,A92
525,"Intel Ireland Limited",https://www.intel.ie/content/www/ie/en/company-overview/intel-in-ireland.html,intel,,,,2022,11,62,222,,902934,Kildare,,W23
526,"Intel R&D Ireland Limited",https://www.intel.ie/content/www/ie/en/company-overview/intel-in-ireland.html,intelrnd,,,,2022,11,62,222,,,Kildare,,"W23 CX68"
527,"Lloyds Pharmacy (part of PHX Ireland)",https://lloydspharmacy.ie/,lloydspharmacy,,,,2022,7,47,531,,,Dublin,,"D24 XKE5"
528,"United Drug (part of PHX Ireland)",https://www.united-drug.com/,uniteddrug,,,,2022,7,46,531,,46423,Limerick,,V94NNP0
531,"PHX Ireland (a PHOENIX company)",https://www.united-drug.com/blogs/news/new-parent-company-name-phx-ireland-group-limited,phxireland,,,,2022,7,46,531,,578334,Dublin,,D02
532,"Uniphar: McCauley Pharmacy",https://www.mccauley.ie/,unipharmccauley,,,,2022,7,47,1213,,,Dublin,,"D24 VO6K"
533,"Uniphar: Allcare Pharmacy",https://www.allcarepharmacy.ie/,unipharallcare,,,,2022,7,47,1213,,513431,Dublin,,D24
535,"Ability West",https://www.abilitywest.ie/,abilitywest,,"ceom@abilitywest.ie, foi@abilitywest.ie",,2022,18,88,,,41317,Donegal,,F92
536,Aecom,https://aecom.com/ie/,aecom,,,,2022,6,43,,,315981,Kildare,,W23
537,"Analog Devices",https://www.analog.com/en/index.html,analogdevices,,,,2022,3,27,,,519435,Limerick,,V94
538,Argos,https://www.argos.co.uk/features/republic-of-ireland,argos,,,2023,2022,7,47,,,176927,Meath,,"A82 CT95"
539,"Atlantic Technological University",https://www.gmit.ie/,atu,"Galway-Mayo Institute of Technology (GMIT)",edi@atu.ie,,2022,17,85,,4,,Mayo,,"F23 X853"
540,"Axa Insurance",https://www.axa.ie/,axainsurance,,,,2022,12,65,,,136155,Dublin,,D18
541,"B&Q Ireland",https://www.diy.ie/,bandq,,,,2022,7,47,,,156844,Dublin,688,D02A342
542,"Beacon Hospital",https://www.beaconhospital.ie/,beaconhospital,,,,2022,18,86,,7,400975,Dublin,,D18
543,"BOC Gases Ireland",https://www.boconline.ie/en/index.html,bocgases,,,,2022,3,20,,,8982,Dublin,,D02
544,"Bon Secours",https://www.bonsecours.ie/,bonsecours,,dublininfo@bonsecours.ie,,2022,18,86,,7,471554,Cork,,T12
545,Boots,https://www.boots.ie/,boots,,,,2022,7,47,,,363449,Dublin,,D24
546,"Boyle Sports",https://www.boylesports.com/,boylesports,,,,2022,19,92,,,479244,Louth,,A92
547,"Brothers of Charity",https://www.brothersofcharity.ie/,brothersofcharity,Corlann,,,2022,20,94,,1,344780,Galway,789,H91K2E9
548,"Bus Eireann",https://www.buseireann.ie/,buseireann,,,,2022,8,49,,1,119570,Dublin,579,D07X2AE
549,"Cappagh National Orthopaedic Hospital",https://nohc.ie/,cappaghnational,,"feedback@nohc.ie, sharon@bannerton.ie, comms@nohc.ie",,2022,18,86,,5,396993,Dublin,,D11
551,"ARYZTA Bakeries Ireland",https://aryzta.ie/,aryztabi,,,,2022,7,46,44,,228001,Wicklow,,A63
552,"Louth and Meath Education and Training Board",https://www.lmetb.ie/,lmetb,,,,2022,17,85,,6,,Louth,,A92
553,NOVAS,https://www.novas.ie/,novas,,info@novas.ie,,2022,18,88,,,,Meath,,A84
554,"Longford and Westmeath Education and Training Board",https://www.lwetb.ie/,lwetb,,,,2022,17,85,,6,,Longford,,N39
555,"Aviva Group Services",https://www.aviva.ie/group/,avivagroupservices,,,,2022,12,65,49,,322579,Donegal,,F92
556,"Carey Glass",https://www.careyglass.com/,careyglass,,,,2022,3,32,,,80189,Dublin,,D24DW6D
557,"Carriglea Cairde Service",http://carrigleaservices.com/,carrigleacairdeservice,,,,2022,18,87,,1,403466,Waterford,,X91
558,"Cavan and Monaghan Education and Training Board",https://www.cmetb.ie/,cmetb,,,,2022,17,85,,6,,Cavan,,H12
559,"Central Remedial Clinic",https://www.crc.ie/,crc,,,,2022,18,86,,1,14880,Cork,,T12
560,"Cheshire Ireland",https://www.cheshire.ie/,cheshireireland,,,,2022,18,88,,,20165,Dublin,,D24
561,Concentrix,https://jobs.concentrix.com/global/en/country-page-ireland,concentrix,,recruitment@concentrix.com,,2022,11,62,,,442890,Dublin,410,D02Y754
562,Horizons,https://www.cope-foundation.ie/,copefoundation,"Cope Foundation",headoffice@horizonscork.ie,,2022,18,88,,1,17844,Cork,,T12
563,"Core Media",https://www.onecore.ie/,coremedia,,info@onecore.ie,,2022,14,73,,,507996,Dublin,,D02
564,"Cork Education and Training Board",https://www.corketb.ie/,cetb,,,,2022,17,85,,6,,Cork,,T12
565,"Dawn Meats",https://www.dawnmeats.com/,dawnmeats,,,,2022,7,46,,,169633,Kilkenny,,R95
566,"DSV Ireland",https://www.dsv.com,dsv,"DB Schenker",info@ie.dsv.com,,2022,8,52,,,213397,Sligo,,F91
567,Dealz,https://www.dealz.ie/,dealz,,customer.relations.dealz@dealz.eu,,2022,7,47,,,541977,Meath,,C15
568,"Designer Group",https://designergrp.com/,designergroup,,info@designergrp.com,,2022,6,41,,,,Dublin,,D02
569,Diligent,https://www.diligent.com/,diligent,,,,2022,15,82,,,,Galway,,"H91 AK1V"
570,"Dornan Engineering",https://www.dornan.ie/,dornanengineering,,reception@dornangroup.com,,2022,6,41,,,212757,Cork,,T12
571,"Ei Electronics",https://www.eielectronics.ie/,eielectronics,,"customerservice@eielectronics.ie, hr@eielectronics.ie",,2022,3,26,,,,Clare,,V14
572,Elverys,https://www.elverys.ie/,elverys,,online@elverys.ie,,2022,7,47,,,98841,Dublin,,D03XT26
573,"Enable Ireland",https://enableireland.ie/,enableireland,,hello@enableireland.ie,,2022,18,88,,1,,Dublin,162,D11VX82
574,"EPS Water",https://epswater.ie/,epswater,,info@epswater.com,,2022,5,36,,,,Cork,,"P51 AC94"
575,"Ergo Group",https://www.ergogroup.ie/,ergogroup,,,,2022,11,62,,,,Dublin,357,D03R6C6
576,Essilor,https://www.essilor.com/ie-en/,essilor,,,,2022,15,82,576,,907088,Wicklow,,A63
577,"Europcar Mobility Group",https://europcar-mobility-group.com/,europcar,,,,2022,15,77,,,,Dublin,,"D09 F1P0"
578,Firstsource,https://www.firstsource.com/,firstsource,,dataprivacy@firstsource.com,,2022,15,82,,,503736,Dublin,,D02
579,"Galway and Roscommon Education and Training Board",https://gretb.ie/,gretb,,info@gretb.ie,,2022,17,85,,6,,Galway,,H91
580,"Gilead Sciences",https://www.gilead.com/,gileadsciences,,,,2022,3,21,,,259755,Carlow,,R93
581,"Gleneagle Hotel",https://www.gleneaglehotel.com/,gleneaglehotel,,,,2022,9,55,,,17791,Wexford,,Y35
582,Guidewire,https://www.guidewire.com/,guidewire,,,,2022,11,62,,,499749,Dublin,,D02
583,Henkel,https://www.henkel.com/,henkel,,,,2022,3,20,,,904804,Dublin,,D24
584,Hertz,https://www.hertz.ie/rentacar/reservation/,hertz,,,,2022,15,77,,,195643,Dublin,,D01
585,Hollister,https://www.hollister.ie/en-ie,hollister,,,,2022,7,47,,,115142,Laois,,R32
586,"Home Store + More",https://www.homestoreandmore.ie/homepage.html,homestoremore,,info@homestoreandmore.ie,,2022,7,47,,,,Dublin,710,D12ECR9
587,Insomnia,https://www.insomnia.ie,insomnia,,info@insomnia.ie,,2022,9,56,,,805183,Dublin,,D08
588,"Integer Holdings",https://www.integer.net/home/default.aspx,integerholdings,,,,2022,3,32,,,,Wexford,,"Y34 H312"
589,Intercom,https://www.intercom.com/,intercom,,,,2022,11,62,,,538158,Dublin,,D02
590,"JJ Rhatigan",https://www.jjrhatigan.com,jjrhatigan,,,,2022,6,41,,,133463,Dublin,,D03
591,"DePuy Ireland",https://jnj.co.uk/,depuy,,,,2022,3,32,,,263572,Clare,,V95
592,"Janssen Pharmaceutical Sciences",https://www.janssen.com/ireland/,janssenpharma,,,,2022,3,21,592,,572261,Cork,,T12
593,"Janssen Sciences Ireland",https://www.janssen.com/ireland/,janssensciences,,,,2022,3,21,592,,472372,Cork,,T12
594,"Johnson & Johnson Vision Care",https://jnjvisionpro.co.uk/,jnjvisioncare,,,,2022,3,32,1167,,210174,Dublin,,D18
595,"Johnson Controls: Silent-Aire",https://www.silent-aire.com/,silentaire,,,,2022,3,28,1182,,602003,Cork,,T12
596,"Johnson Controls: Tyco",https://www.tyco.com/,tyco,,,,2022,3,28,1182,,162112,Donegal,,F92
597,"Kepak Athleague",https://www.kepak.com/,kepakathleague,,info@kepak.com,,2022,3,10,597,,131467,Wicklow,,A63
598,"Kepak Clonee",https://www.kepak.com/,kepakclonee,,info@kepak.com,,2022,3,10,597,,73744,Dublin,,D18F5X2
599,"Kepak Cork",https://www.kepak.com/,kepakcork,,info@kepak.com,,2022,3,10,597,,62091,Dublin,,D02
600,"Kepak Convenience Foods",https://www.kepak.com/,kepakconvenience,,info@kepak.com,,2022,7,46,597,,377773,Meath,,C15
601,"Kepak Longford",https://www.kepak.com/,kepaklongford,,info@kepak.com,,2022,3,10,597,,166259,Cork,,T12
602,"Kepak McCarren Meats",https://www.kepak.com/,mccarrenmeats,,info@kepak.com,,2022,3,10,597,,8872,Dublin,,D09
603,"Kerry Education and Training Board",https://www.kerryetb.ie/,kerryetb,,info@kerryetb.ie,,2022,17,85,,6,,Kerry,,V92
604,"Kildare and Wicklow Education and Training Board",https://kildarewicklow.etb.ie/,kwetb,,,,2022,17,85,,6,,Wicklow,,A67
605,"Kilkenny and Carlow Education and Training Board",https://kcetb.ie/,kcetb,,,,2022,17,85,,6,,Carlow,,R93
606,"Laois and Offaly Education and Training Board",https://www.loetb.ie,loetb,,,,2022,17,85,,6,,Laois,,R32
607,"Limerick and Clare Education and Training Board",https://lcetb.ie,lcetb,,,,2022,17,85,,6,,Limerick,,V94
608,"Mayo, Sligo & Leitrim Education and Training Board",https://msletb.ie/,msletb,,,,2022,17,85,,6,,Sligo,,F91
609,"Tipperary Education and Training Board",https://tipperary.etb.ie,tippetb,,,,2022,17,85,,6,,Tipperary,,E34
610,"Waterford and Wexford Education and Training Board",https://www.wwetb.ie/,wwetb,,,,2022,17,85,,6,,Wexford,,Y35
611,"Kilkenny Design",https://kilkennydesign.com/,kilkennydesign,,info@kilkennydesign.com,,2022,7,47,,,304273,Donegal,,F92
612,Kostal,https://www.kostal.com/en-gb/,kostal,,info@kostal.com,,2022,3,26,,,904152,Limerick,,V94
613,"Lifestyle Sports",https://www.lifestylesports.com/ie/,lifestylesports,,help@lifestylesports.com,,2022,7,47,,,202347,Dublin,,D02
615,"Liffey Meats",https://liffeymeats.ie/,liffeymeats,,sales@liffeymeats.ie,,2022,3,10,,,80783,Meath,,C15
616,LotusWorks,https://lotusworks.com/en-ie/,lotusworks,,,,2022,3,27,,,,Sligo,,"F91 KAP2"
617,Manpower,https://www.manpower.ie/,manpower,,info@manpower.ie,,2022,15,78,,,332489,Dublin,,D08
618,Mazars,https://www.mazars.ie/,mazars,,mazars@mazars.ie,,2022,12,64,,,154700,Cavan,,H12
619,Mercer,https://www.mercer.com/en-ie/,mercer,,,,2022,12,65,265,,28158,Dublin,,D02
620,"Microchip Technology",https://www.microchip.com/,microchiptechnology,,pr@microchip.com,,2022,3,26,,,381811,Dublin,,D03
621,"Monaghan Mushrooms",https://www.monaghan.eu/,monaghanmushrooms,,,,2022,1,1,621,,,Monaghan,,H18
622,"Drimbawn Mushrooms",https://www.monaghan.eu/,drimbawnmushrooms,,info@mushrooms.ie,,2022,1,1,621,,378793,Monaghan,,H18
623,"Mondelez International",https://www.mondelezinternational.com/ireland/,mondelez,,ukpressoffice@mdlz.com,,2022,7,46,623,,8513,Dublin,,D01
624,"Muiriosa Foundation",https://www.muiriosa.ie/,muiriosafoundation,,,,2022,18,88,,1,353975,Kildare,,W23
625,"National Maternity Hospital",https://www.nmh.ie/,nationalmaternityhospital,,,,2022,18,86,,5,,Dublin,,D02
626,"National Pen Company",https://www.pens.com/ie/,nationalpencompany,,ir_recruitment@pens.com,,2022,7,46,,,,Louth,,"A91 XR61"
627,"Nature's Best",https://www.naturesbest.ie/,naturesbest,,info@naturesbest.ie,,2022,3,10,,,115549,Galway,,H91
628,Next,https://www.next.ie/en,next,,,,2022,7,47,,,904898,Dublin,,D02
629,"O'Briens Wine",https://www.obrienswine.ie/,obrienswine,,online@obrienswine.ie,,2022,7,47,,,27067,Cork,,T12
630,Oracle,https://www.oracle.com/ie/,oracle,,,,2022,11,62,630,,158973,Monaghan,,H18
631,Pepsico,https://www.pepsico.com/,pepsico,,,,2022,3,10,631,,429402,Dublin,,D02
632,"Pepsico: Portfolio Concentrate Solutions",https://www.pepsico.com/,pepsicopcs,,,,2022,3,10,631,,609414,Dublin,,D02
633,"PFH Technology Group",https://www.pfh.ie/,pfh,,,,2022,11,62,,,415827,Cork,,T12
634,"Pinewood Healthcare",https://pinewood.ie/,pinewoodhealthcare,,,,2022,3,21,,,,Dublin,,"D12 K6C5"
635,Pobal,https://www.pobal.ie/,pobal,,,,2022,16,84,,1,194360,Dublin,731,D04EY84
636,"Red Hat",https://www.redhat.com/en,redhat,,,,2022,11,62,,,304873,Kilkenny,,R95
637,"Rotunda Hospital",https://rotunda.ie/,rotundahospital,,foi@rotunda.ie,,2022,18,86,,5,,Dublin,,D01
638,"Saint John of God Community Services",https://sjogcommunityservices.ie/,sjogcommunityservices,,company.secretary@sjog.ie,,2022,18,87,,1,19545,Louth,,A92
639,"St John of God Hospital",https://stjohnofgodhospital.ie/,sjoghospital,,"info@sjog.ie, comms.hosp@sjog.ie",,2022,18,86,,5,,Dublin,,"A94 FH92"
640,Servier,https://servier.ie/,servier,,,,2022,3,21,,,117246,Dublin,,D02
641,"SK biotek",https://www.skbiotek.com/,skbiotek,,ireland@skbiotek.ie,,2022,3,20,,,605650,Dublin,,D02
642,"SSP Ireland",https://www.foodtravelexperts.com/,sspireland,,,,2022,9,56,,,,Dublin,,K56
643,"St Michael's House",https://www.smh.ie,stmichaelshouse,,info@smh.ie,,2022,18,88,,1,27628,Clare,,V95
644,"St Patrick's Mental Health Services",https://www.stpatricks.ie/,stpatsmentalhealth,,,,2022,18,86,,,,Galway,,H91
645,"St Vincent's Private Hospital",https://svph.ie/,stvincentsprivate,,financedepartment@svph.ie,,2022,18,86,,7,7606,Dublin,,D01
646,"St John's Hospital Limerick",https://www.stjohnshospital.ie/,stjohnslimerick,,info@stjohnshospital.ie,,2022,18,86,,5,,Limerick,,V94
647,"Standard Life",https://www.standardlife.ie/,standardlife,,,,2022,12,65,,,905495,Dublin,,D02
648,"Standard Life Assets & Employee Services",https://www.standardlife.ie/,standardlifeassets,"Phoenix Group Management Services PGMS",,,2022,12,65,,,342705,Dublin,,D01
649,"State Street",https://www.statestreet.com/,statestreet,,contact@statestreet.com,,2022,12,66,649,,766205,Dublin,,D02
650,"STL Logistics",https://stllogistics.ie/,stllogistics,,info@stllogistics.ie,,2022,8,52,,,,Roscommon,,F42
651,"Suir Engineering",https://suireng.ie/,suirengineering,,,,2022,6,41,,,100425,Cavan,,H12
652,"Sulzer Pumps",https://www.sulzer.com/,sulzerpumps,,privacy@sulzer.com,,2022,3,28,,,39900,Cork,,T12
653,"SIG Susquehanna International Group",https://sig.com/,sig,,recruiting@sig.com,,2022,12,64,,,,Dublin,,"D01 T6T0"
654,Teleflex,https://www.teleflex.com/,teleflex,,,,2022,18,86,,,648540,Westmeath,90,N37EC90
655,"TELUS International",https://www.telusinternational.com/,telusinternational,,,,2022,11,62,,,669282,Dublin,,D01
656,"Teva Pharmaceuticals",https://www.teva.ie/,tevapharmaceuticals,,info@teva.ie,,2022,3,21,,,,Waterford,,X91
657,"ThermoFisher Scientific",https://jobs.thermofisher.com/global/en/ireland,thermofisher,,fsie.sales@thermofisher.com,,2022,3,32,,,792248,Dublin,,D01
658,"PPD Development",https://www.ppd.com/,ppddevelopment,,media@ppd.com,,2022,3,21,,,465598,Dublin,,D01
659,"Three Ireland",https://www.three.ie/,threeireland,,,,2022,11,61,,,316982,Tipperary,,E34
660,"Trane Technologies",https://www.tranetechnologies.com/,tranetechnologies,,,,2022,3,26,,,349511,Dublin,,D02
661,"Ulster Bank",https://www.ulsterbank.ie/,ulsterbank,,,2023,2022,12,64,,,903757,Dublin,,D02
662,"University of Galway",https://www.universityofgalway.ie/,universityofgalway,,,,2022,17,85,,4,,Galway,,"H91 TK33"
663,"Viatris: McDermott Laboratories",https://www.viatris.ie/,mcdermottlaboratories,,,,2022,3,21,663,,110075,Meath,,C15
664,"Viatris: Rottapharm Limited",https://www.viatris.ie/,rottapharm,,,,2022,3,21,663,,226092,Dublin,,D04
665,"Viatris: Mylan Teoranta",https://www.viatris.ie/,mylanteoranta,,,,2022,3,21,663,,130418,Dublin,,D02
666,"Virgin Media",https://www.virginmedia.ie/,virginmedia,,,,2022,10,60,,,435668,Dublin,,D01
667,"Walls Construction",https://walls.ie/,wallsconstruction,,build@walls.ie,,2022,6,41,,,13243,Dublin,,D14
668,Yahoo,https://www.yahoo.com/,yahoo,,,,2022,11,63,,,426324,Dublin,,D01
669,AirNav,https://www.airnav.ie/,airnav,,,,2023,8,52,,,734291,Dublin,,"D02 VR66"
670,"Viatris: Upjohn Manufacturing",https://www.viatris.ie/,upjohnmanufacturing,,,,2022,3,21,663,,635028,Cork,,T12
671,"Viatris: Mylan Healthcare",https://www.viatris.ie/,mylanhealthcare,,,,2022,7,46,663,,549628,Dublin,,D13
672,"Royal College of Surgeons Ireland",https://www.rcsi.com/dublin/,rcsi,RCSI,"recruitment@rcsi.ie, communications@rcsi.ie, info@rcsi.ie",,2022,17,85,,4,,Dublin,,D02
673,Pinterest,https://www.pinterest.com/,pinterest,,,,2022,11,62,,,536944,Dublin,,D04
674,"TLI Group",https://www.tli.ie/,tligroup,,,,2022,6,41,,,318301,Dublin,,D02
675,"Sustainable Energy Authority of Ireland",https://www.seai.ie/,seai,SEAI,,,2022,16,84,,1,,Dublin,180,D02FX65
676,Flogas,https://www.flogas.ie/,flogas,,,,2022,4,35,,,34870,Dublin,,D18
677,Energia,https://www.energia.ie/home,energia,," contact@energiagroup.com",,2023,4,35,677,,,Dublin,,D15
678,Woodies,https://www.woodies.ie/,woodies,,,,2022,7,47,,,88957,Dublin,,D16
679,"Eddie Rocket's",https://www.eddierockets.ie/,eddierockets,,info@eddierockets.ie,,2022,9,56,,,317555,Galway,,H91
680,"New Look",https://www.newlookgroup.com/,newlook,,,2025,2022,7,47,,,187389,Dublin,,D02
682,"Lufthansa Technik Turbine Shannon",https://www.ltts.ie/,lufthansatechnikturbineshannon,,,,2022,3,33,,,163448,Dublin,,D15
683,"Pettitt's SuperValu",https://pettitts.ie/,pettittssupervalu,,,,2022,7,47,,,,Wicklow,,Y14
684,"City of Dublin Education and Training Board",https://www.cityofdublinetb.ie/,cityofdublinetb,,,,2023,17,85,,6,,Dublin,,D02
685,Entain,https://www.entaingroup.com/,entain,,,,2022,19,92,,,,Dublin,,"D22 CR92"
686,"Circet Networks Ireland",https://www.circet.ie/,circet,,recruitment@kncircet.ie,,2022,11,61,686,,303841,Louth,,A92
687,"Beauparc Panda Waste",https://beauparc.ie/,beauparcpandawaste,,contact@beauparc.ie,,2022,5,38,,,605063,Dublin,,D24
688,Capita,https://www.capita.com/,capita,,,,2022,14,70,,,660257,Cork,790,P85YH98
689,"Harvey Norman",https://www.harveynorman.ie/,harveynorman,,jobs@ie.harveynorman.com,,2022,7,47,,,362610,Dublin,,"D22 PY91"
690,"Keelings Logistics",https://www.keelings.com/,keelingslogistics,,customercare@keelings.com,,2022,8,52,1183,,274328,Dublin,,D04
691,"Keelings Farms",https://www.keelings.com/,keelingsfarms,,customercare@keelings.com,,2022,1,1,1183,,355153,Dublin,,D02
692,"Keelings Retail",https://www.keelings.com/,keelingsretail,,customercare@keelings.com,,2022,7,46,1183,,319995,Meath,,C15D9CE
693,LinkedIn,https://www.linkedin.com/feed/,linkedin,,LERA_IE@linkedin.com,,2022,11,62,,,477441,Waterford,,"X35 RY76"
694,"Dromoland Castle",https://www.dromoland.ie/,dromolandcastle,,sales@dromoland.ie,,2022,9,55,,,120695,Clare,,V95
695,"Chanelle Pharma",https://chanellepharma.com/,chanellepharma,,,,2022,3,21,,,720144,Galway,,H91
696,Dominos,https://www.dominos.ie/,dominos,,dataprotection@dominos.co.uk,,2022,9,56,,,,Kildare,,"W91 D968"
697,"Adare Manor",https://www.adaremanor.com/,adaremanor,,info@adaremanor.com,,2022,9,55,,,521817,Dublin,,"D04 C7K6"
698,"The K Club",https://www.kclub.ie/,thekclub,,reservations@kclub.ie,,2023,9,55,,,145951,Cork,,T12
699,"Mount Juliet Estate",https://www.mountjuliet.ie/,mountjulietestate,,,,2022,9,55,,,,Kilkenny,,R95
700,"InterContinental Hotel",https://www.ihg.com/intercontinental/hotels/us/en/dublin/dblic/hoteldetail,intercontinentalhotel,,info@icdublin.com,,2022,9,55,700,,,Dublin,,"D04 A9K8"
701,"The Galmont Hotel",https://www.thegalmont.com/en/,thegalmonthotel,,reservations@thegalmont.com,,2022,9,55,700,,,Galway,,H91
702,"Powerscourt Hotel",https://www.powerscourthotel.com/,powerscourthotel,,marketing@powerscourthotel.com,,2022,9,55,700,,,Wicklow,,"A98 DR12"
703,"Castleknock Hotel",https://www.castleknockhotel.com/,castleknockhotel,,eservations@castleknockhotel.ie,,2022,9,55,,,372775,Dublin,,D24
704,"Dole Ireland",https://doleireland.com/,doleireland,,,,2022,7,46,,,117680,Dublin,,D04
705,"Castlemartyr Resort",https://www.castlemartyrresort.ie/,castlemartyrresort,,info@castlemartyrresort.ie,,2022,9,55,,,567783,Cork,,T12YF25
706,RelateCare,https://relatecare.com/,relatecare,,,,2022,14,70,706,,553231,Cork,,T12
707,Rigneydolphin,https://rigneydolphin.ie/,rigneydolphin,,info@rigneydolphin.ie,,2022,15,82,706,,192547,Tipperary,,E34
708,"Dublin City University",https://www.dcu.ie/,dublincityuniversity,,,,2022,17,85,,4,,Dublin,,"D09 FK50"
709,AtkinsRéalis,https://www.atkinsrealis.com/,atkinsrealis,,info.ie@atkinsglobal.com,,2022,6,43,,,222745,Kildare,,W91Y6T3
710,LetsGetChecked,https://www.letsgetchecked.ie/,letsgetchecked,,press@letsgetchecked.com,,2022,14,70,,,,Dublin,,"A96 F8C0"
711,"Leonardo Hotels",https://www.leonardo-hotels.com/republic-of-ireland,leonardohotels,,,,2022,9,55,,,,Dublin,,D04
712,"Rochestown Park Hotel",https://www.rochestownpark.com/,rochestownparkhotel,,,,2022,9,55,,,,Cork,,T12
713,"Slieve Russell Hotel",https://www.slieverussell.ie/,slieverussellhotel,,enquiries@slieverussell.ie,,2022,9,55,,,120282,Donegal,,F92
714,"Carton House",https://www.cartonhouse.com/,cartonhouse,,cartonhouse.reception@fairmont.com,,2022,9,55,,,,Kildare,,"W23 TD98"
715,"UPMC Ireland (all entities)",https://upmc.ie/,upmcireland,,,,2022,18,86,715,7,,,,
716,"UPMC Whitfield Hospital",https://upmc.ie,upmcwhitfieldhospital,,,,2022,18,86,715,7,406431,Cork,,T12
717,"UPMC Aut Even Hospital",https://upmc.ie,upmcautevenhospital,,,,2022,18,86,715,7,351113,Dublin,,D02HH30
718,"UPMC Kildare Hospital",https://upmc.ie,upmckildarehospital,,,,2022,18,86,715,7,98117,Kerry,,V92
719,Mitie,https://mitie.ie/,mitie,,info@mitie.com,,2022,15,81,,,472704,Dublin,,D18
720,Pieta,https://www.pieta.ie,pieta,,"info@pieta.ie,comms@pieta.ie",,2022,18,88,,,405780,Dublin,,D24
721,"PVH Ireland",https://www.pvh.com/,pvhireland,,Careers@pvh.com,,2022,7,47,,,448945,Dublin,,D02
722,"Tallaght University Hospital",https://www.tuh.ie/,tallaghtuniversityhospital,,,,2022,18,86,,5,,Dublin,,"D24 NR0A"
723,"Beaumont Hospital",http://www.beaumont.ie/,beaumonthospital,,,,2022,18,86,,5,172879,Clare,,V95
724,"Donegal Education and Training Board",https://www.donegaletb.ie/,donegaletb,,,,2022,17,85,,6,,Donegal,,F94
725,DPD,https://www.dpd.ie/,dpd,,customerservices@dpd.ie,,2022,8,52,,,,Westmeath,,"N37 XR77"
726,FMI,https://fmi.ie/,fmi,,,,2022,14,73,,,,Dublin,,D14
727,"Flextronics International",https://flex.com/,flextronicsinternational,,,,2023,3,26,727,,316578,Dublin,,D02
728,Xilinx,https://www.amd.com/en.html,xilinx,AMD,,,2022,3,26,,,190265,Dublin,,D02
729,"National Rehabilitation Hospital",https://www.nrh.ie/,nationalrehabilitationhospital,,enquiries@nrh.ie,,2022,18,86,,5,,Dublin,,A96
730,"Winthrop Technologies",https://winthrop.ie/,winthroptechnologies,,info@winthrop.ie,,2022,6,41,,,322865,Wexford,,Y35
731,"Verizon Connect",https://www.verizonconnect.com/ie/,verizonconnect,,,,2022,11,62,1215,,516472,Dublin,,D18
732,"The Barry Group",https://barrygroup.ie/reports-and-publications/,barrygroup,,info@barrys.ie,,2022,8,49,,,,Meath,,C15
733,"Mater Misericordiae University Hospital",https://www.mater.ie/,materhospital,,"foi@mater.ie, humanresources@mater.ie",,2022,18,86,,5,351403,Dublin,,D07
734,"Stafford Bakeries",https://www.staffordbakeries.ie/,staffordbakeries,,info@staffordbakeries.ie,,2022,3,10,734,,75872,Dublin,,D13
735,MOWI,https://mowi.com/ie/,mowi,,,,2022,1,3,,,,Cork,,"P75 WY42"
736,Odeon,https://www.odeoncinemasgroup.com/,odeon,,,,2022,10,59,,,441782,Dublin,,"D04 TR29"
737,"UPS Ireland",https://www.ups.com/,upsireland,,iefcr@ups.com,,2022,8,52,737,,222607,Cork,,T12
738,"UPS CSTC",https://www.ups.com/,upscstc,,iefcr@ups.com,,2022,8,52,737,,,Dublin,,"D01 H104"
739,"Marine Institute",https://www.marine.ie/,marineinstitute,,,,2023,14,72,,1,,Galway,,H91
740,"Liberty IT",https://www.liberty-it.co.uk/,libertyit,,careers@liberty-it.co.uk,,2022,11,62,,,,Galway,,H91
741,"Liberty Claims Handling and Imaging",https://www.liberty-it.co.uk/,libertyclaimshandlingandimaging,,,,2022,12,65,,,,Galway,,H91
742,"KSG Catering",https://www.ksg.ie/,ksgcatering,,info@ksg.ie,,2022,9,56,,,482694,Dublin,,D11
743,Vertiv,https://www.vertiv.com/,vertiv,"E+I Engineering",dataprotection@vertiv.com,,2022,3,26,,,421549,Donegal,,F92
744,"PCI Pharma Services",https://pci.com/,pcipharmaservices,,,,2022,3,21,,,,Dublin,,"K32 YD60"
745,"O'Brien Fine Foods",https://obrienfinefoods.ie/,obrienfinefoods,,,,2022,3,10,,,321229,Wicklow,,A63
746,"Certa Ireland",https://certaireland.ie/,certaireland,,info@certaireland.ie,,2022,3,19,,,118120,Dublin,,D06X2W2
747,Aptiv,https://www.aptiv.com/,aptiv,,"Venishree.Mayer@aptiv.com, Adriana.Clemens@aptiv.com",,2022,11,62,,,574123,Dublin,,D02
748,"Optum Ireland",https://www.optum.ie/,optumireland,,,,2022,18,86,,,771842,Waterford,,X91
749,"Mr. Price",https://www.mrprice.ie/,mrprice,,,,2022,7,47,,,,Dublin,,"D24 HY67"
750,"Farnham Estate",https://www.farnhamestate.ie/,farnhamestate,,info@farnhamestate.ie,,2022,9,55,,,,Cavan,,H12
751,"ITX Retail Ireland",,itxretailireland,,,,2022,7,47,,,347364,Dublin,,D02
752,Personio,https://www.personio.com/,personio,,hello@personio.com,,2023,11,62,,,909559,Dublin,,D02
753,Cadence,https://www.cadence.com/en_US/home.html,cadence,,,,2023,3,26,,,310821,Laois,,R32
754,Glanua,https://glanua.com/,glanua,,,,2024,5,39,,,452367,Cork,,T12
755,"Riot Games",https://www.riotgames.com/,riotgames,,,,2024,11,62,,,483483,Dublin,,D02
756,"Sea-Fisheries Protection Authority",https://www.sfpa.ie/,sfpa,SFPA,,,2024,16,84,,1,,Cork,,P85
757,"H&MV Engineering",https://www.hmvengineering.com/,hmvengineering,,,,2022,14,71,,,266920,Donegal,,"F93 RKW6"
758,"The Grand Hotel Malahide",https://www.thegrand.ie/,thegrandhotelmalahide,,info@thegrand.ie,,2024,9,55,,,3518,Dublin,,"D13 CK80"
759,"Lily O'Brien's",https://lilyobriens.ie/,lilyobriens,,weborders@lilyobriens.ie,,2024,3,10,,,538211,Kildare,,W23
760,"The Shannon Airport Group",https://snnairportgroup.ie/,shannonairportgroup,,,,2024,8,51,,,,Clare,,V14
761,"Gheel Autism Services",https://www.gheel.ie/,gheelautismservices,,,,2024,18,88,,,53565,Meath,,C15
762,"National Standards Authority of Ireland",https://www.nsai.ie/,nsai,NSAI,,,2024,16,84,,1,,Dublin,254,D09A0E4
763,"Dawn Farms",https://www.dawnfarms.ie/,dawnfarms,,info@dawnfarms.ie,,2024,3,10,,,102545,Cork,,"T12 KR23"
764,"Secure All Security Group",https://secureall.ie/,secureallsecuritygroup,,,,2024,15,80,,,,Galway,,H91
765,"Nostra Ireland",https://www.nostra.ie/,nostraireland,,,,2024,11,62,,,430981,Dublin,,D02
766,"Weltec Engineering",https://weltec.ie/,weltecengineering,,,,2024,6,41,,,326602,Waterford,,X91
767,Unum,https://www.unumjobs.ie/,unum,,,,2023,11,62,,,451972,Dublin,,D02
768,"Commission for Regulation of Utilities",https://www.cru.ie,commissionforregulationofutilities,,customercare@cru.ie,,2024,16,84,,1,,Dublin,,"D07 E98Y"
769,"Bloomfield House Hotel",https://www.bloomfieldhousehotel.ie/,bloomfieldhousehotel,,info@bloomfieldhouse.com,,2024,9,55,,,60898,Dublin,,D02
770,"Cabra Castle Hotel",https://www.cabracastle.com/,cabracastlehotel,,sales@cabracastle.com,,2024,9,55,,,,Dublin,,"D04 W2F1"
771,"Hyatt Centric The Liberties",https://www.hyatt.com/hyatt-centric/dubct-hyatt-centric-the-liberties-dublin,hyattcentrictheliberties,,info.centricdublin@hyatt.com,,2024,9,55,,,,Dublin,,"D08 W3X7"
772,"JD Wetherspoon",https://www.jdwetherspoon.com/,jdwetherspoon,,,,2022,9,56,,,907363,Dublin,,D02
773,"Roughan & O'Donovan",https://www.rod.ie/,roughanodonovan,ROD,,,2024,14,71,,,,Dublin,,D18
774,"Sport Ireland Facilities DAC",https://www.sportirelandcampus.ie/,sportirelandfacilitiesdac,,,,2024,19,93,,,419329,Dublin,,D18N1N2
775,BearingPoint,https://www.bearingpoint.com/en-ie/,bearingpoint,,,,2024,14,70,,,489298,Dublin,,D04KC56
776,"Brand Max ",https://www.brandmax.com/,brandmax,"Frasers Group",data.protection@frasers.group,,2022,7,47,,,799365,Dublin,,D02
777,"RSM Ireland",https://www.rsm.global/ireland,rsmireland,,,,2024,14,69,,,506769,Dublin,,D02
778,"Data Protection Commission",https://www.dataprotection.ie/,dataprotectioncommission,,,,2024,16,84,,1,,Dublin,384,D02X963
779,"Chartered Accountants Ireland",https://www.charteredaccountants.ie/,charteredaccountantsireland,,,,2024,20,94,,,469828,Dublin,351,D02YN40
780,"The Housing Agency",https://www.housingagency.ie/,thehousingagency,,,,2024,16,84,,1,,Dublin,,D02
781,"Coimisiún na Meán",https://www.cnam.ie/,coimisiunnamean,,,,2024,16,84,,1,,Dublin,,D04
782,"J.P. Morgan Hedge Fund Services",https://www.jpmorgan.com/,jpmorganhedgefund,,,,2024,12,64,782,,315706,Dublin,,"D02 C934"
783,"Bauer Media Audio",https://bauermedia.ie/,bauermediaaudio,,,,2024,10,60,,,162034,Dublin,,D14
784,"The Office of the Attorney General",https://www.gov.ie/en/organisation/office-of-the-attorney-general/,attorneygeneral,,,,2024,16,84,,1,,Dublin,189,D02R583
785,"Glanmore Foods",https://glanmorefoods.ie/,glanmorefoods,,,,2024,3,10,,,355469,Dublin,,D15
786,"Avant Money",https://www.avantmoney.ie/,avantmoney,,,,2022,12,64,,,910258,Dublin,,D02
787,"Verizon Services",https://www.verizon.com/business,verizonservices,,,,2024,11,61,1215,,549688,Dublin,,D03
788,"TCP Homecare",https://www.tcp.ie/,tcphomecare,,,,2024,18,86,,,,Galway,,H54
789,"Takeda Pharmaceuticals",https://www.takeda.com/en-ie/,takedapharmaceuticals,,,,2024,3,21,1206,,908886,Dublin,,D02
790,"SIG Ireland",https://www.sig.ie/,sigireland,,dublinsales@sig.ie,,2024,6,41,,,,Dublin,,K36
791,"Morehampton Foods",https://www.musgravegroup.com/,morehamptonfoods,,,,2024,3,10,,,504473,Cork,,T12
792,"La Rousse Foods",https://www.laroussefoods.ie/,laroussefoods,,,,2024,7,46,,,239201,Cork,,T12
793,"Donnybrook Fair",https://www.donnybrookfair.ie/,donnybrookfair,,,,2024,9,56,289,,304719,Dublin,,D02
794,"Tote Ireland",https://www.toteireland.ie/,toteireland,,"customercare@tote.ie, info@thetote.com",,2024,19,92,,,225593,Dublin,,D02
795,"Home Instead",https://www.homeinstead.ie/,homeinstead,Dovida,privacy@dovida.ie,,2022,18,86,,,546085,Dublin,,D18
796,"National Gallery of Ireland",https://www.nationalgallery.ie,nationalgalleryofireland,,,,2024,19,91,,1,,Dublin,,D02
797,"Tourism Ireland",https://www.tourismireland.com/,tourismireland,,,,2023,16,84,,1,,Dublin,,"D02 TD99"
798,"An Post Insurance",https://www.anpostinsurance.ie/,anpostinsurance,,,,2024,12,65,,,452399,Dublin,,D01
799,Supermacs,https://supermacs.ie/,supermacs,,info@supermacs.ie,,2022,9,56,,,150005,Kildare,,W23
800,"Seafield Hotel & Spa",https://www.seafieldhotel.com/,seafieldhotelspa,,"reservations@seafieldhotel.com, sales@seafieldhotel.com",,2024,9,55,,,,Wexford,,Y25
801,"Harvey's Point",https://www.harveyspoint.com/,harveyspoint,,,,2024,9,55,,,,Donegal,,F94
802,Square,https://squareup.com/,square,"Block Inc",,,2022,15,82,,,,Dublin,,"D02 R296"
803,"Tulfarris Hotel & Golf Resort",https://www.tulfarrishotel.com/,tulfarrishotelgolfresort,,,,2024,9,55,,,,Kildare,,W91
804,"Royal Marine Hotel",https://www.royalmarine.ie/,royalmarinehotel,,,,2024,9,55,,,,Dublin,,A96
805,"Griffin Group Hotels",https://www.griffingroup.ie/,griffingrouphotels,,info@griffingroup.ie,,2024,9,55,,,,Kilkenny,,R95
806,"Ballygarry Estate",https://www.ballygarry.com/,ballygarryestate,,,,2024,9,55,,,,Kerry,,"V92 W279"
807,"Mount Wolseley Hotel",https://www.mountwolseley.ie/,mountwolseleyhotel,,,,2024,9,55,,,,Carlow,,R93
808,"WuXi Vaccines",https://wuxivaccines.com/,wuxivaccines,,"info@wuxibiologics.com, Dundalk_Ireland@wuxibiologics.com, talentacquisition@wuxibiologics.com",,2024,3,21,404,,652131,Louth,,A92
809,"Tailte Éireann Non-NSSO",https://www.tailte.ie/,tailteÉireannnonnsso,,info@tailte.ie,2024,2024,16,84,,1,,Dublin,,D07
810,"Kerrygold Park Butter Packing",https://www.ornua.com/our-locations/kerrygold-park/,kerrygoldparkbutterpacking,,,,2024,3,10,,,545049,Dublin,,D02
811,"Primeline Logistics",https://primeline.ie/,primelinelogistics,,,,2022,8,52,,,313922,Wexford,,Y35
812,"Merchants Quay Ireland",https://mqi.ie,merchantsquayireland,,info@mqi.ie,,2024,18,88,,,176421,Dublin,,D02
813,"An Coimisiún Pleanála",https://www.pleanala.ie/,ancoimisiunpleanala,"An Bord Pleanála",,,2024,16,84,,1,,Dublin,574,D01V902
814,"FRS Recruitment",https://www.frsrecruitment.com/,frsrecruitment,,info@frsrecruitment.com,,2022,15,78,,,,Dublin,,"D02 R978"
815,"Dublin Port",https://www.dublinport.ie/,dublinport,,,,2024,8,50,,1,,Dublin,,D02
816,"Web Summit",https://websummit.com/,websummit,,,,2024,15,82,,,489864,Dublin,,D06
817,"Premier Lotteries Ireland",https://www.lottery.ie/,premierlotteriesireland,,,,2024,19,92,,,527900,Dublin,,D02
818,"DBFL Consulting Engineers",https://www.dbfl.ie/,dbfl,,,,2024,14,71,,,335828,Dublin,,D07
819,"Ethos Ireland",https://www.ethoseng.ie/,ethosireland,,,,2024,14,71,,,,Dublin,,"D07 K271"
820,"NTT Data Services",https://uk.nttdata.com/ireland,nttdataservices,,"pressofficeuki@emeal.nttdata.com, ",,2024,11,62,,,371589,Dublin,,D01
821,Breedon,https://www.breedongroup.com/,breedon,,,,2024,2,8,,,123494,Donegal,,F92
822,RDJ,https://www.rdj.ie/,rdj,,info.rdj@rdj.ie,,2023,14,69,,,430876,Cork,,T12
823,"Acquired Brain Injury Ireland",https://www.abiireland.ie/,acquiredbraininjuryireland,,hello@abiireland.ie,,2022,18,88,,,334659,Dublin,,"A96 T860"
824,"Tuath Housing",https://tuathhousing.ie/,tuathhousing,,,,2024,15,77,,,326944,Dublin,,D02
825,"Regatta Ireland",https://www.regatta.com/ie/,regattaireland,," dataprotection@Regatta.com",,2022,7,47,,,529127,Cork,,T12
826,Logitech,https://www.logitech.com/en-eu,logitech,,,,2022,3,26,,,135248,Dublin,,D01
827,"Affidea Diagnostics",https://www.affidea.ie/,affideadiagnostics,,oana.dumitroiu@affidea.com,,2022,18,86,,,452897,Dublin,,D12
828,"The Alzheimer Society of Ireland",https://alzheimer.ie/,thealzheimersocietyofireland,,,,2022,18,88,,,102700,Dublin,164,A94N8Y0
829,"Viatel Technology Group",https://www.viatel.com/,viateltechnologygroup,,,,2022,11,62,829,,512402,Dublin,,D12
830,"Deutsche Bank",https://country.db.com/ireland/index?language_id=1&kid=ireland.redirect-en.shortcut,deutschebank,,,,2024,12,64,,,906119,Dublin,,D02
831,"Peninsula Business Services",https://www.peninsulagrouplimited.com/ie/,peninsulabusinessservices,,,,2024,14,69,,,908355,Dublin,,D03
832,"St. Hilda's Services",https://www.sthildas.ie/,sthildasservices,,,,2024,18,87,,,369210,Dublin,,D07
833,"Port of Cork",https://www.portofcork.ie/,portofcork,,"info@portofcork.ie, communications@portofcork.ie",,2024,8,50,,,262368,Cork,614,T23YNT9
834,Aircoach,https://www.aircoach.ie/,aircoach,,info@aircoach.ie,,2024,8,49,,,300725,Mayo,,F23
835,"Cork Simon Community",https://www.corksimon.ie/,corksimoncommunity,,ursula.galvin@corksimon.ie,,2024,18,88,,,42511,Dublin,,D02
836,"Dunboyne Castle Hotel",https://www.dunboynecastlehotel.com/,dunboynecastlehotel,,,,2024,9,55,,,,Meath,,A86
837,Decathlon,https://www.decathlon.ie/,decathlon,,help.ireland@decathlon.com,,2024,7,47,,,589659,Dublin,,D11
838,Aerogen,https://www.aerogen.com/,aerogen,,,,2022,3,32,,,277354,Waterford,,X91
839,"Glenroyal Hotel & Leisure Club",https://www.glenroyal.ie/,glenroyalhotel,,info@glenroyal.ie,,2024,9,55,,,,Kildare,,W23
840,"Hodson Bay Group",https://www.hodsonbaygroup.com/,hodsonbaygroup,,,,2024,9,55,,,336462,Westmeath,,N91
841,"UCD Campus Sport & Leisure",https://www.ucd.ie/studentcentre/newsopportunities/ucd_csl_ltd_gender_pay_report_2024/,ucdcampussportleisure,,,,2024,19,93,,,512243,Dublin,,D04
842,"National College of Art & Design",https://www.ncad.ie/,ncad,NCAD,information@ncad.ie,,2022,17,85,,4,,Dublin,,D08
843,"The Workman's Club",https://theworkmansclub.com/,theworkmansclub,,,,2024,19,90,,,483710,Dublin,,D08
844,"Department of Rural and Community Development",https://www.gov.ie/en/organisation/department-of-rural-and-community-development/?referrer=/,deptruralcommunitydevelopment,,,,2024,16,84,,2,,Dublin,729,D02EF85
845,"The Heritage Hotel",https://www.theheritage.com/,theheritagehotel,,info@theheritage.com,,2024,9,55,,,348009,Dublin,,D02
847,"Essilor - Transitions Optical Limited",https://www.transitions.com/en-ie/,transitionsopticallimited,,,,2024,3,32,576,,210033,Dublin,,D18
848,"Essilor - Organic Lens Manufacturing",https://www.essilor.com/ie-en/,organiclensmanufacturing,,,,2024,3,32,576,,689771,Clare,,V95
849,"SGS Ireland",https://www.sgs.com/en-ie,sgsireland,,,,2022,14,71,,,350215,Kildare,,W23
850,"WP Engine",https://wpengine.com/ie/,wpengine,,,,2024,11,63,,,584528,Dublin,,D02
851,"PGIM ",https://www.pgim.com/,pgim,,,,2024,12,64,,,319900,Dublin,,D02
852,"Carelon Global Solutions",https://www.carelonglobal.ie/,carelonglobalsolutions,,CarelonPrivacy@carelon.com,,2024,11,62,,,695829,Limerick,,V94
853,Cloudera,https://cloudera.com/,cloudera,,,,2024,11,62,,,567383,Cork,,T12
854,"Economic & Social Research Institute",https://www.esri.ie/,esri,ESRI,,,2024,14,72,,,18269,Dublin,625,D02K138
855,"SMBC Aviation Capital",https://smbc.aero/,smbcaviationcapital,,,,2024,15,77,,,270775,Kerry,,V92
856,"O'Callaghan Collection",https://www.ocallaghancollection.com/,ocallaghancollection,,,,2024,9,55,,,,Dublin,,D02
857,"Donnelly Fresh",https://www.donnellyfresh.ie/,donnellyfresh,,"info@donnellyfresh.ie, careers@donnellyfresh.ie",,2024,3,10,,,,Dublin,,K67
858,Alone,https://alone.ie/,alone,,,,2024,18,88,,,,Dublin,,"D08 H67X"
859,ServiceNow,https://www.servicenow.com/,servicenow,,,,2022,11,62,,,549967,Dublin,,D02
860,MKO,https://mkoireland.ie/,mko,,info@mkoireland.ie,,2024,14,70,,,,Galway,,"H91 VW84"
861,"IVC Evidensia",https://www.ivcevidensia.ie/,ivcevidensia,,,,2022,14,75,,,,Cork,,T23
862,"Charter Medical Private Hospital",https://www.cmph.ie/,chartermedicalprivatehospital,,,,2024,18,86,,7,636510,Clare,,"V95 TF24"
863,"Clontarf Hospital",https://www.ioh.ie/,clontarfhospital,,"hr@ioh.ie, pa@ioh.ie ",,2024,18,86,,5,,Dublin,,D03
864,"Woodlands House Hotel",https://www.woodlands-hotel.ie/,woodlandshousehotel,,hello@woodlands-hotel.ie,,2024,9,55,,,,Limerick,,V94F1P9
865,"Director of Public Prosecutions",https://www.dppireland.ie/,directorofpublicprosecutions,,,,2024,16,84,,1,,Dublin,,D07
866,GAA,https://www.gaa.ie/,gaa,,info@gaa.ie,,2024,19,93,,,,Dublin,,D01
867,Toast,https://careers.toasttab.com/ireland,toast,,,,2024,11,62,,,609386,Cork,,"P25 WK13"
868,"IPB Insurance",https://ipb.ie,ipbinsurance,,,,2024,12,65,,,7532,Dublin,650,D02P820
869,"Loughnane's Family Butchers",https://loughnanes.ie,loughnanesfamilybutchers,,,,2024,3,10,,,515863,Galway,,H91
870,"ABB Ireland",https://new.abb.com/ie,abbireland,,,,2024,15,82,,,265676,Dublin,,D02
871,Kyndryl,https://www.kyndryl.com/,kyndryl,,,,2024,11,62,,,668675,Dublin,,D15
872,Unio,https://www.unio-eb.ie/,unio,,,,2024,12,65,,,172302,Dublin,,D15
873,"Beauchamps LLP (excluding partners)",https://beauchamps.ie,beauchamps,,,,2024,14,69,,,569180,Dublin,,D02
874,"Maples and Calder LLP",https://maples.com/,maplesandcalderllp,,,,2024,14,69,,,,Dublin,,"D02 PR50"
875,Adobe,https://www.adobe.com,adobe,,,,2024,11,62,,,344992,Dublin,,"D22 W1H9"
876,"Global Payments",https://www.globalpayments.com,globalpayments,,,,2024,12,64,876,,910420,Dublin,,D02
877,"Pay and Shop Limited",https://www.globalpayments.com,payandshoplimited,,"dpo@globalpay.com, media.relations@globalpay.com",,2024,12,64,876,,324929,Dublin,,D07
878,Squarespace,https://www.squarespace.com,squarespace,,,,2024,11,63,,,527641,Dublin,,D08
879,Collen,https://www.collen.com/,collen,,,,2024,6,41,,,100646,Dublin,,D02
880,"Emeis Ireland",https://emeis.ie/,emeisireland,,"ie.enquiries@emeis.com, recruitment-ireland@emeis.com",,2024,18,87,,,660981,Dublin,,D24
881,Folens,https://www.folensgroup.com,folens,,info@folens.ie,,2024,10,58,,,58250,Dublin,,D24
882,"Clúid Housing",https://www.cluid.ie,cluidhousing,,,,2022,15,77,,1,,Cork,,T12
883,"Itron Management Service",https://na.itron.com/,itronmanagementservice,,support@itron.com,,2024,14,70,,,534741,Dublin,155,D02T380
884,"Smurfit Westrock",https://www.westrock.com,smurfitwestrock,,,,2024,3,17,345,,607515,Dublin,,D04
885,"Hayes Solicitors",https://hayes-solicitors.ie,hayessolicitors,,,,2024,14,69,,,,Dublin,,D02
886,Cental,https://www.cental.ie,cental,,,,2024,3,25,,,500708,Carlow,,R93
887,"Galway Simon Community",https://galwaysimon.ie/,galwaysimoncommunity,,,,2024,18,88,,,144699,Clare,,V95
888,Indaver,https://indaver.com/,indaver,,,,2024,1,1,,,59667,Kildare,,W23
889,"Amgen ",https://www.amgen.ie,amgen,,,,2022,14,72,,,379345,Dublin,,D01
890,"Horizon Theraputics",https://www.amgen.ie,horizontheraputics,,,,2024,14,72,,,507678,Dublin,,D02
891,"Derrycourt Cleaning Specialists",https://www.derrycourt.ie/,derrycourtcleaningspecialists,,,,2022,15,81,,,,Dublin,,"D11 EV24"
892,"CPM Ireland",https://www.cpm-int.com,cpmireland,,info@cpmire.com,,2022,14,70,,,,Dublin,,D24
893,ComReg,https://www.comreg.ie,comreg,,,,2024,16,84,,1,,Dublin,,"D01 E4X0"
894,"International Financial Data Services",https://ifdsgroup.com,internationalfinancialdataservices,IFDS,vcugliari@ifdsgroup.com,,2024,12,66,1704,,,Dublin,,"D02 TD99"
895,"DFDS - Logistics Contracts",https://www.dfds.com/en,dfds,,,,2024,8,50,,,372496,Dublin,,D24
896,"Moog Ireland",https://www.moog.com,moogireland,,info.ireland@moog.com,,2024,3,26,,,475516,Cork,,T12
897,"National Broadband Ireland",https://nbi.ie,nationalbroadbandireland,,,,2024,11,61,,,,Dublin,,D24
898,"Football Association of Ireland (Main Payroll)",https://www.fai.ie/national-teams/,fai-main,FAI,media@fai.ie,,2024,19,93,898,,,Dublin,,"D15 X8PD"
899,"Football Association of Ireland (Casual Payroll)",https://www.fai.ie/national-teams/,fai-casual,FAI,media@fai.ie,,2024,19,93,898,,,Dublin,,"D15 X8PD"
900,"Sunbeam House Services",https://sunbeam.ie/,sunbeamhouseservices,,foi@sunbeam.ie,,2022,18,87,,,76504,Wexford,,Y35
901,"Medica Ireland",https://www.medica.ie/,medicaireland,,,,2024,18,86,,,,Dublin,,D16
902,"iNUA Hospitality",https://www.inua.ie/,inuahospitality,,info@inuahospitality.ie,,2024,9,55,,,517028,Cork,,T12
903,"Midlands Park Hotel",https://www.midlandsparkhotel.com,midlandsparkhotel,,,,2024,9,55,1345,,,Laois,,R32
904,"Faithlegg Hotel",https://www.faithlegg.com,faithlegghotel,,reservations@faithlegg.com,,2024,9,55,,,434519,Dublin,,D24
905,"Howden Group",https://www.howdengroup.com/sites/ireland.howdenprod.com/files/2024-12/HR-Gender-Pay-Gap-Report-HIL-001-1224.pdf,howdengroup,,info@howdeninsurance.ie,,2024,12,64,,,,Dublin,,"D04 EK2K"
906,"Junction 14 Mayfield",https://junction14mayfield.ie,junction14mayfield,,,,2024,7,47,,,,Kildare,,W34
907,"The Plaza Group",https://www.plazagroup.ie,theplazagroup,,,,2024,7,47,,,,Galway,,"H91 FX54"
908,"DID Electrical",https://www.did.ie/,didelectrical,,help@did.ie,,2024,7,47,,,,Dublin,,D22
909,Fields,https://www.fields.ie,fields,,,,2024,7,47,,,13388,Cork,,T12
910,"STS Group",https://stsgroup.ie/,stsgroup,,info@stsgroup.ie,,2022,6,43,,,,Waterford,,X91
911,"Bunzl Limited",https://www.bunzlireland.ie/,bunzllimited,,info@bunzlireland.ie,,2024,7,46,,,114401,Dublin,,D02
912,"Tullow Mushroom Growers",https://coddmushrooms.ie/,tullowmushroomgrowers,,,,2024,1,1,,,455671,Carlow,,R93
913,"Bentley Systems",https://www.bentley.com/,bentleysystems,,,,2024,11,62,,,474589,Dublin,,D02
914,"Dentsu Ireland",https://www.dentsu.com/ie/en,dentsuireland,,,,2024,14,70,,,104746,Dublin,321,D04HE94
915,"Fallon & Byrne",https://www.fallonandbyrne.com/,fallonbyrne,,office@fallonandbyrne.com,,2024,9,56,,,393383,Dublin,,D02
916,"Cantor Fitzgerald",https://cantorfitzgerald.ie/,cantorfitzgerald,,,,2024,12,64,,,279126,Cork,,T12
917,"Freudenberg Medical (Carrick-on-Shannon)",https://www.freudenbergmedical.com,freudenbergmedicalcarrick,,,,2022,3,32,917,,274913,Dublin,,D06
918,"Freudenberg Medical (Galway)",https://www.freudenbergmedical.com/,freudenbergmedicalgalway,,,,2024,3,32,917,,274913,Dublin,,D06
920,"Brennans Bread",https://brennansbread.ie/,brennansbread,,customerservice@brennansbakeries.ie,,2024,3,10,,,36555,Wicklow,,A63
921,"Cagney Contract Cleaning",https://samsic.ie,cagneycontractcleaning,Samsic,info@samsic.ie,,2022,15,81,,,,Dublin,,D15
922,"Royal Irish Academy of Music",https://www.riam.ie/,royalirishacademyofmusic,RIAM,info@riam.ie,,2024,17,85,,4,,Dublin,,D02
923,Bewley's,https://bewleys.com/,bewleys,,connect@bewleys.com,,2024,9,56,,,473857,Dublin,,D17
924,"Córas Iompair Éireann",https://www.cie.ie/,cie,CIE,,,2024,8,49,,,,Cork,,T12
925,Guineys,https://guineys.ie/,guineys,,info@guineys.ie,,2024,7,47,,,,Dublin,,D01
926,Dropbox,https://dropbox.com,dropbox,,info@dropbox.com,,2024,11,62,,,521657,Dublin,,D02
927,Saint-Gobain,https://www.saint-gobain.ie/,saintgobain,,SGSolutionsIrl@saint-gobain.com,,2024,6,43,,,,Dublin,,"D24 WKP2"
928,"Eurofins Biomnis",https://www.eurofins.ie/,eurofinsbiomnis,,clientservices@ctie.eurofinseu.com,,2022,14,74,,,176482,Cavan,,H12
929,"Jazz Pharmaceuticals",https://www.jazzpharma.com/,jazzpharmaceuticals,,"corporateaffairsmediainfo@jazzpharma.com, customerservices.r1@jazzpharma.com",,2024,14,72,,,429847,Dublin,,D04
930,Kneat,https://kneat.com/,kneat,,,,2024,11,62,,,381335,Limerick,,V94
931,MWP,https://mwp.ie,mwp,,info@mwp.ie,,2024,6,43,,,,Cork,,"T12 X251"
932,Fannin,https://www.fannin.eu/,fannin,,,,2022,7,46,,,29692,Cork,,T12
933,Genesys,https://www.genesys.com/,genesys,,,,2022,11,62,,,522817,Galway,,H91
934,"Sonas Nursing Homes",https://sonas.ie/,sonasnursinghomes,,,,2022,18,87,,,323694,Cork,,T12
935,"Campion Insurance",https://www.campion.com/,campioninsurance,,,,2024,12,65,,,269654,Offaly,,R35
936,"Pfizer Ireland Pharmaceuticals",https://www.pfizer.ie/,pfizerpharmaceuticals,,,,2022,3,21,314,,490938,Cork,,T12
937,"Pfizer Manufacturing Ireland",https://www.pfizer.ie,pfizermanufacturing,,,,2022,3,21,314,,79355,Wicklow,,A63
938,"Pfizer Shared Services UC",https://www.pfizer.ie,pfizersharedservices,,,,2022,12,64,314,,355755,Dublin,,D04
939,"Meta Platforms Ireland",https://about.meta.com/,metaplatforms,,,,2022,11,62,282,,462932,Dublin,,D04
940,"Vodafone Ireland Ltd",https://n.vodafone.ie/en.html,vodafoneireland,,,,2022,11,61,394,,326967,Dublin,,D18
941,"Vodafone Retail",https://n.vodafone.ie/en.html,vodafoneretail,,,,2024,7,47,394,,240985,Offaly,,R35
942,"Microsoft Ireland Operations",https://www.microsoft.com/en-ie,microsoftoperations,,,,2022,11,62,283,,256796,Limerick,,V94
943,"Microsoft Ireland Research",https://www.microsoft.com/en-ie,microsoftresearch,,,,2022,11,62,283,,342235,Dublin,,D02
944,"Abbott Ireland",https://www.ie.abbott/homepage.html,abbottireland,,,,2022,3,21,4,,99308,Louth,,A92
945,"Abbott Rapid DX International",https://www.ie.abbott/homepage.html,abbottrapiddx,,,,2022,3,21,4,,495964,Galway,,"H91 TK33"
946,"Mason, Hayes & Curran (excl. partners)",https://www.mhc.ie/,masonhayescurranexclpartners,,,,2022,14,69,267,,331279,Dublin,,D04
947,"Diageo Ireland",https://www.diageo.com/en,diageoireland,,,,2022,3,11,136,,900038,Dublin,,D06P2T7
948,"VHI Healthcare DAC",https://www1.vhi.ie/,vhihealthcaredac,,,,2024,12,65,392,,527604,Dublin,645,D01DX77
949,"VHI Insurance DAC",https://www1.vhi.ie/,vhiinsurancedac,,,,2024,12,65,392,,527606,Dublin,,D01
950,"VHI Health & Wellbeing DAC",https://www1.vhi.ie/,vhihealthwellbeingdac,,,,2024,18,86,392,7,531499,Cork,,"P75 W242"
951,"VHI Group Services DAC",https://www1.vhi.ie/,vhigroupservicesdac,,,,2024,14,70,392,,538110,Dublin,,D01
952,"Matheson: Matheson LLP (excluding partners)",https://www.matheson.com/,mathesonmathesonllpexcludingpartners,,,,2022,14,69,269,,676004,Galway,,H91
953,"Matheson: Support Services (excluding partners)",https://www.matheson.com/about-us/matheson-in-house-network,mathesonsupportservicesexcludingpartners,,,,2022,14,69,269,,109335,Dublin,,D02
954,"Irish Life Financial Services",https://www.irishlife.ie/,irishlifefinancialservices,,,,2022,12,65,227,,489221,Dublin,,"D18 X6P9"
955,"Irish Life Group Services",https://www.irishlife.ie/,irishlifegroupservices,,,,2022,15,82,227,,498692,Dublin,,D01
956,"Element Six",https://www.e6.com/,elementsix,,,,2024,3,23,,,365394,Clare,,V95
957,CBRE,https://www.cbre.ie/,cbre,,,,2022,15,82,957,,316570,Sligo,,F91
958,Hovione,https://www.hovione.com/,hovione,,,,2024,3,21,,,463979,Cork,,T12
959,"CJK Engineering",https://cjkengineering.ie,cjkengineering,,info@cjkengineering.ie,,2024,14,71,,,749707,Wexford,,Y35
960,Ifac,https://ifac.ie,ifac,,dublinsme@ifac.ie,,2022,14,74,,,285245,Dublin,,D13
961,Adecco,https://www.adecco.com/en-ie,adecco,,1295.dublin@adecco.ie,,2022,15,78,,,29944,Westmeath,,"N91 P034"
962,"Irish College of GPs",https://www.irishcollegeofgps.ie/,irishcollegeofgps,,info@icgp.ie,,2024,17,85,,4,,Dublin,,D02
963,"Heyday Recruitment",https://heydayrecruitment.ie/,heydayrecruitment,,"hospitality@heydaygroup.ie, healthcare@heydaygroup.ie",,2024,15,78,,,,Kildare,,W23
964,"Circet Installations Division",https://www.circet.ie/,circetinstallationsdivision,,"recruitment@circet.ie, info@circet.ie",,2022,11,61,686,,394317,Dublin,,"A94 X9Y3"
965,"Mediolanum International Funds",https://www.mifl.ie,mediolanuminternationalfunds,,,,2024,12,64,,,264023,Dublin,,D02
966,"Wells Fargo",https://www.wellsfargo.com,wellsfargo,,,,2024,12,64,,,429222,Dublin,,D01
967,"Silver Hill Duck",https://silverhillduck.ie/,silverhillduck,,info@silverhillduck.com,,2024,1,1,,,,Monaghan,,H18
968,"Aer Lingus Ireland",https://www.aerlingus.com/html/en-US/home.html,aerlingusireland,,pressqueries@aerlingus.com,,2022,8,51,13,,478216,Dublin,,"D02 P638"
969,"Aer Lingus Ltd",https://www.aerlingus.com,aerlingusltd,,pressqueries@aerlingus.com,,2022,8,51,13,,9215,Galway,,"H91 TK33"
970,"Aon Ireland Limited",https://www.aon.com/ireland/default.jsp,aonirelandlimited,,,,2022,12,65,29,,5103,Cork,,T12
971,"Aon Solutions Ireland",https://www.aon.com,aonsolutionsireland,,,,2024,12,65,29,,356441,Dublin,,D02
972,"Apple Distribution International",https://www.apple.com/ie/,appledistributioninternational,,,,2022,11,62,30,,470672,Cork,,T12
973,"Apple Operations Europe",https://www.apple.com/ie/,appleoperationseurope,,,,2022,11,62,30,,492405,Cork,,T12
974,"Astellas AICL",https://www.astellas.com/ie,astellasaicl,,,,2022,3,21,45,,111917,Dublin,,D11
975,"Bulmers Ltd",https://bulmers.ie/,bulmersltd,,,,2022,3,11,76,,1986,Dublin,,D09
976,"M&J Gleeson",https://candcgroupplc.com/,mjgleeson,,,,2022,3,11,76,,,Tipperary,,E91
977,"Haleon Dungarvan",https://www.haleon.com/,haleondungarvan,,,,2022,3,21,196,,15513,Dublin,,D02
978,"Willis Towers Watson (WTW) Insurances",https://www.wtwco.com/en-ie,willistowerswatsonwtwinsurances,,,,2022,12,65,403,,78812,Limerick,,V94
979,"Willis Towers Watson (WTW) Ltd",https://www.wtwco.com/en-ie,willistowerswatsonwtwltd,,,,2022,12,65,403,,402562,Dublin,,D04
980,"Glenveagh GLV Contracting",https://glenveagh.ie/,glenveaghglvcontracting,,,,2022,6,41,187,,342693,Kildare,,W23
981,"Nua Manufacturing",https://nuamanufacturing.ie/,nuamanufacturing,,,,2023,6,41,187,,291266,Dublin,,D04
982,"Power Leisure Bookmaker",https://www.paddypower.com/bet,powerleisurebookmaker,,,,2022,19,92,174,,906103,Dublin,,D04
983,"Paddy Power Retail",https://www.paddypower.com/bet,paddypowerretail,,,,2022,19,92,174,,909704,Dublin,,D04
984,"TSG Interactive Services",https://www.pokerstars.com/,tsginteractiveservices,,,,2022,19,92,174,,515007,Dublin,,D04
985,"Citibank N.A. Ireland",https://www.citi.com/,citibanknaireland,,,,2023,12,64,93,,903951,Dublin,,D01
986,"Arthur Cox (The Firm - excluding partners)",https://www.arthurcox.com/,arthurcoxfirmexclpartners,,,,2022,14,69,42,,,Dublin,,"D02 T380"
987,"Zurich Insurance plc",https://www.zurich.ie/,zurichinsurance,,,2023,2022,12,65,407,,13460,Dublin,,D22
988,"Zurich Life Assurance",https://www.zurich.ie/,zurichlifeassurance,,,,2022,12,65,407,,58098,Kerry,,V92
989,"Zurich Insurance Company",https://www.zurich.ie/,zurichinsurancecompany,,,,2022,12,65,407,,900488,Dublin,,D02
990,"Zurich Europe AG",https://www.zurich.ie/,zuricheuropeag,,,,2024,12,65,407,,910127,Dublin,,A94
991,"EY Chartered Accountants",https://www.ey.com/en_ie,eycharteredaccountants,,,,2023,14,69,162,,,Cork,,T12
992,"EY Services",https://www.ey.com/en_ie,eyservices,,,,2024,14,69,162,,739441,Dublin,,D02
993,"Nicholas O'Dwyer",https://nodwyer.com/,nicholasodwyer,,dublin@nodwyer.com,,2024,14,71,,,54996,Dublin,,D04
994,Stafford-Miller,,staffordmiller,,,,2024,3,21,,,379445,Waterford,,X91
995,"Water Wipes",https://www.waterwipes.com/ie/en,waterwipes,,info@waterwipes.com,,2023,7,47,,,362065,Louth,,A92
996,"DP World Logistics",https://www.dpworld.com/en,dpworldlogistics,,,,2024,8,52,,,91837,Donegal,,F92
997,"The Fota Collection",https://www.fotacollection.ie/,thefotacollection,,"reservations@fotaisland.ie, info@fotacollection.ie",,2024,9,55,,,,Cork,,T12
998,"The Law Society of Ireland",https://www.lawsociety.ie,thelawsocietyofireland,," general@lawsociety.ie",,2024,20,94,,,,Dublin,,D07
999,"The Rose Hotel",https://www.therosehotel.com,therosehotel,,,,2024,9,55,,,,Kerry,,V92
1000,"Irish Blood Transfusion Service",https://www.giveblood.ie,irishbloodtransfusionservice,,contactus@ibts.ie,,2024,18,86,,1,,Dublin,,D08
1001,"Peter McVerry Trust",https://pmvtrust.ie/,petermcverrytrust,,,,2022,18,88,,,98934,Limerick,,V94
1002,Sanmina,https://www.sanmina.com/,sanmina,,info@sanmina.com,,2022,3,26,,,252571,Dublin,,D06
1003,Etsy,https://www.etsy.com/,etsy,,,,2025,7,47,,,495696,,,
1004,Humanscale,https://eu.humanscale.com,humanscale,,,,2025,14,74,,,497787,Dublin,,D11
1005,Crowe,https://www.crowe.com/ie,crowe,,info@crowe.ie,,2024,14,69,,,,Dublin,,"D04 C2N4"
1006,Akamai,https://www.akamai.com/,akamai,,,,2025,11,62,,,390724,Dublin,,"D02 P638"
1007,"Schneider Electric Ireland",https://www.se.com/ie,schneiderelectricireland,,,,2024,3,27,1007,,102870,Dublin,,D01
1008,"Schneider Electric IT Logistics Europe",https://www.se.com/ie,schneiderelectric,,,,2024,8,49,1007,,223142,Mayo,,F23
1009,"NFP Ireland",https://www.nfpireland.ie/,nfpireland,,,,2025,12,66,,,415534,Dublin,,A94
1010,"Kennco Insurance",https://www.kennco.ie/,kenncoinsurance,,,,2025,12,65,,,,Dublin,,D16
1011,"The Chancery Hotel",https://www.thechanceryhotel.ie,thechanceryhotel,,reservations.chancery@shgroup.ie,,2025,9,55,,,,Dublin,,D08
1012,"Kilkenny Leader Partnership",https://cklp.ie,kilkennyleaderpartnership,,,,2025,18,88,,,454899,Kilkenny,840,R95X677
1013,"SOS Kilkenny",https://www.soskilkenny.com,soskilkenny,,,,2023,18,87,,,,Kilkenny,349,R95X685
1014,FinTrU,https://www.fintru.com,fintru,,,,2025,14,70,,,702357,Donegal,,F92
1015,"Vermillion Energy",https://www.vermilionenergy.com/,vermillionenergy,,,,2025,2,6,,,,Dublin,,D09
1016,"Kilkenny River Court Hotel",https://www.rivercourthotel.com,kilkennyrivercourthotel,,,,2025,9,55,,,,Kilkenny,,R95
1017,"Galway City Partnership",https://gcp.ie,galwaycitypartnership,,,,2025,20,94,,,258847,Donegal,,F92
1018,"Irish Film Institute (IFI)",https://ifi.ie,irishfilminstituteifi,,,,2025,10,59,,,,Dublin,,"D02 PD85"
1019,"Positive Futures",https://positive-futures.ie/,positivefutures,,,,2025,18,88,,,566738,Louth,,A92
1020,"Sisters of Mercy",https://sistersofmercy.ie,sistersofmercy,,,,2025,20,94,,,43593,Dublin,,"D06 K5K2"
1021,"Molloy Group",https://molloys.ie,molloygroup,,,,2025,7,46,,,,Dublin,,D01
1022,"DPL Group",http://dpl.ie,dplgroup,,,,2025,7,46,,,,Louth,,A92
1023,Bookstation,https://bookstation.ie/,bookstation,,,,2025,7,47,,,522430,Dublin,,D02
1024,"Wright Quarry Products",https://www.wright.ie,wrightquarryproducts,,info@wright.ie,,2025,3,32,1024,,85204,Galway,,H91
1025,"Wright Concrete Products",https://www.wright.ie,wrightconcreteproducts,,info@wright.ie,,2025,3,32,1024,,387636,Monaghan,,H18
1026,"Nazareth Care Ireland",https://nazarethcare.ie,nazarethcareireland,,,,2025,18,87,,,592523,Dublin,,D03
1027,"Irish Examiner and Echo ",https://www.irishexaminer.com/,irishexaminerandecho,,,,2023,10,58,,,523712,Cork,,T12
1028,"S&W ",https://www.swgroup.com,sw,,,,2025,14,69,,,,Dublin,,"D18 R9C7"
1029,SolarWinds,https://www.solarwinds.com/legal/solarwinds-irish-gender-pay-gap-report,solarwinds,,,,2024,11,62,,,622102,Dublin,,D02
1030,"Irish HomeCare",https://irishhomecare.ie/,irishhomecare,,,,2022,18,86,,,,Galway,,H91
1031,"Courts Service",https://www.courts.ie/,courtsservice,,ccco@courts.ie,,2022,16,84,,,,Dublin,,"D07 A78X"
1032,"Irving Oil Whitegate Refinery",https://www.irvingoil.com/,irvingoilwhitegaterefinery,,,,2024,3,19,,,16576,Cork,,T12
1033,"Carrolls Irish Gifts",https://carrollsirishgifts.com,carrollsirishgifts,,,,2024,7,47,,,547864,Louth,,A92
1034,"Blacknight Solutions",https://www.blacknight.com,blacknightsolutions,,,,2025,15,82,,,370845,Carlow,,R93
1035,"Competition and Consumer Protection Commission (CCPC)",https://www.ccpc.ie/,ccpc,CCPC,,,2024,16,84,,,,Dublin,270,D01C576
1036,"Carlow College St. Patrick's",https://carlowcollege.ie/,carlowcollegestpatricks,,,,2025,17,85,,4,,Carlow,,R93
1037,"Alchemy Telco Solutions",https://www.wearealchemy.com,alchemytelcosolutions,,,,2025,11,61,,,595997,Kildare,,"R51 V267"
1038,"Highfield Healthcare",https://highfieldhealthcare.ie,highfieldhealthcare,,,,2024,18,86,,,,Dublin,,D09
1039,"Business in the Community",https://bitc.ie,businessinthecommunity,,,,2025,20,94,,,338442,Dublin,,D07
1040,"MSS Building Services",https://mssltd.ie,mssbuildingservices,,,,2025,14,71,,,345514,Dublin,,D24
1041,"Apex Fire",https://www.apexfire.ie,apexfire,,,,2025,15,80,,,447217,Cavan,,H12
1042,"The Gate Theatre",https://gatetheatre.ie,thegatetheatre,,,,2025,19,90,,,,Dublin,,D02
1043,"An Chúirt Hotel",https://www.anchuirthotel.com,anchuirthotel,,,,2025,9,55,,,568532,Donegal,,F92
1044,"Burnside Autocyl",https://burnsideautocyl.com/,burnsideautocyl,,,,2025,3,28,,,45939,Dublin,,D02
1045,Arvato,https://arvato.com/,arvato,,,,2025,14,74,,,256965,Kerry,,V92
1046,"The Tower Hotel & Leisure Centre",https://www.towerhotelwaterford.com,thetowerhotelleisurecentre,,,,2025,9,55,,,,Waterford,,X91
1047,"Life Credit Union",https://lifecu.ie,lifecreditunion,,,,2025,12,64,,,,Kildare,,"W91 RV10"
1048,"Munster Timber Structures",https://munstertimber.ie,munstertimberstructures,,,,2025,3,16,,,,Waterford,,"X91 DX80"
1049,"Nurture Childcare ",https://onceuponatime.ie,nurturechildcare,,,,2025,18,88,,,353627,Dublin,,D18
1050,"Sixt Rent a Car Ireland",https://www.sixt.ie/,sixtrentacarireland,,,,2025,15,77,,,,Dublin,,D02
1051,"ffh Management Services",https://ffh.ie/,ffhmanagementservices,,,,2025,12,64,,,500011,Dublin,,D06
1052,"Liebherr Container Cranes",https://www.liebherr.com/en-ie/group/location/killarney-profile-3759769,liebherrcontainercranes,,,,2025,3,28,,,16968,Tipperary,,E34
1053,"Barryroe Co-op",https://www.barryroeco-op.ie/,barryroecoop,,,,2025,3,10,,,,Cork,,"P72 T802"
1054,"JDS Foods",https://www.jdsfoods.ie/,jdsfoods,,,,2025,3,10,,,55691,Dublin,,D02
1055,"Tryside LLP",https://holmeslaw.ie/,trysidellp,,,,2025,14,69,1056,,638235,Limerick,,V94
1056,"Holmes O'Malley Sexton LLP",https://holmeslaw.ie/,holmesomalleysextonllp,,,,2025,14,69,1056,,,Dublin,,"D02 FR58"
1057,Fórsa,https://www.forsa.ie/,forsa,,,,2025,20,94,,,632165,Cork,,T12
1058,Outsurance,https://www.outsurance.ie/,outsurance,,,,2025,12,65,,,724743,Dublin,,D18
1059,"West Limerick Independent Living",https://www.limerickcil.com/,westlimerickindependentliving,,,,2025,18,86,,,271412,Dublin,,D02
1060,"Seven Oaks Hotel",https://www.sevenoakshotel.com/,sevenoakshotel,,,,2025,9,55,,,,Carlow,,"R93 V4K5"
1061,Eaton,https://www.eaton.com/ie/en-gb.html,eaton,,,,2025,3,27,1061,,,Dublin,,"D04 Y0C2"
1062,"Eaton Intelligent Power Limited",https://www.eaton.com/ie/en-gb.html,eatonintelligentpowerlimited,,,,2025,12,66,1061,,523985,Dublin,,D04
1063,"Eaton Industries Ireland",https://www.eaton.com/ie/en-gb.html,eatonindustriesireland,,,,2025,3,28,1061,,513275,Dublin,,D04
1064,"Munster Rugby",https://www.munsterrugby.ie/,munsterrugby,,,,2025,19,93,,,265196,Dublin,,D02
1065,"Roche Pharma",https://www.roche.ie,rochepharma,,,,2025,3,21,,,,Dublin,,"D24 K661"
1066,"Jacobs Engineering Ireland",https://www.jacobs.com/,jacobsengineeringireland,,,,2022,6,42,234,,111945,Louth,,A92
1067,"SSE (all legal entities) ",https://www.sseairtricity.com/ie/home/,sse,,,,2025,4,35,1067,,,Dublin,,"D18 W688"
1068,"Talbot Hotel Cork",https://www.talbothotelcork.ie/,talbothotelcork,,,,2025,9,55,1068,,,Cork,,T12
1069,"Childhood Matters",https://childhood-matters.ie/,childhoodmatters,,,,2025,18,87,,,363354,Cork,,T12
1070,Nourish,https://www.nourish.ie/,nourish,,,,2024,7,47,,,,Dublin,,D02
1071,"Carlton Greetings",https://www.ukgreetings.co.uk/brand/carlton-cards/,carltongreetings,,,,2025,7,47,,,682769,Dublin,618,D02Y754
1072,"TMF Group",https://www.tmf-group.com/,tmfgroup,,,,2025,15,82,,,,Dublin,,"D01 K2C5"
1073,Wayflyer,https://wayflyer.com/,wayflyer,,,,2025,12,64,,,602786,Dublin,,D01
1074,"Talbot Hotel Midleton",https://www.talbothotelmidleton.ie/,talbothotelmidleton,,,,2025,9,55,1068,,,Cork,,P25
1075,"Fold Housing",https://www.foldhousing.ie/,foldhousing,,,,2025,15,77,,,,Dublin,,D11
1077,"Institute of Bankers (IOB)",https://iob.ie/,instituteofbankersiob,,,,2025,20,94,,,,Dublin,,D02
1078,ClickUp,https://clickup.com/,clickup,,,,2025,11,62,,,708490,Dublin,,D02
1079,"Pegaso Ltd",https://www.thechurch.ie/,pegasoltd,"The Church",,,2025,9,56,,,477502,Dublin,,D01
1080,"Scotiabank Ireland",https://www.scotiabank.com/global/en/global-site.html,scotiabankireland,,,,2025,12,64,,,30350,Dublin,,D02
1081,"National Disability Authority",https://nda.ie,nationaldisabilityauthority,,,,2025,16,84,,,,Dublin,,"D04 E409"
1082,"Indigo Telecom Group",https://www.indigotg.com/,indigotelecomgroup,,,,2025,11,61,,,,Dublin,,"A96 R2Y1"
1083,"Advant Medical Moulding",https://www.advantmedical.com/,advantmedicalmoulding,,,,2024,3,32,,,207297,Westmeath,,N91
1084,"Core Building",https://corebuild.ie/,corebuilding,,,,2025,7,46,,,541540,Dublin,156,D22XD28
1085,Italicatessen,https://www.italicatessen.ie/,italicatessen,,,,2025,7,46,289,,359195,Cork,,T12
1086,"Connected Health",https://connected-health.ie/,connectedhealth,,,,2024,18,86,,,630316,Dublin,,D02
1087,3Arena,https://3arena.ie/,3arena,,enquiry@3arena.ie,,2025,19,90,,,128549,Dublin,,"D02 VR66"
1092,FatFace,http://www.fatface.com/ie/en,fatface,,,,2025,7,47,,,,Dublin,,"D16 CF75"
1093,"Fleming Medical",https://www.flemingmedical.ie/,flemingmedical,,,,2025,7,46,,,121023,Galway,,H91
1094,"Royal National Lifeboat Institution",https://rnli.org/,royalnationallifeboatinstitution,,,,2025,20,94,,,,Dublin,277,K67WA24
1095,Hostelworld,https://www.hostelworld.com/,hostelworld,,,,2025,15,79,,,337103,Dublin,169,D02AF58
1096,"Dubray Books",https://www.dubraybooks.ie/,dubraybooks,,,,2025,7,47,148,,217561,Wicklow,,A63
1097,"The Pensions Authority",https://pensionsauthority.ie,thepensionsauthority,,,,2025,16,84,,,,Dublin,,"D02 KX27"
1098,"Irish Management Institute (IMI)",https://www.imi.ie/,irishmanagementinstituteimi,,,,2025,17,85,,,,Dublin,,D16
1099,"Doyles Veg Prep",https://www.doylesvegprep.com/,doylesvegprep,,,,2025,7,46,289,,469086,Dublin,,D22
1100,"JLL Ireland",https://www.jll.ie/,jllireland,,,,2025,15,77,236,,39768,,,
1101,"JTC Group",https://www.jtcgroup.com/,jtcgroup,,,,2025,12,66,,,,Dublin,,D02
1102,"Crown Global",https://crown.global,crownglobal,,,,2025,6,43,,,,Wicklow,,A98
1103,Datapac,https://www.datapac.com/,datapac,,,,2025,11,62,,,86946,Clare,,V95
1104,WHSmith,https://www.whsmithplc.co.uk/,whsmith,,,,2025,7,47,,,,Dublin,,"D02 A342"
1105,"Mott MacDonald",https://www.mottmac.com/,mottmacdonald,,,,2025,14,71,,,53280,Dublin,,D03
1106,Okta,https://www.okta.com/,okta,,,,2025,11,62,,,706654,Dublin,,D02
1107,Redfaire,https://www.redfaire.com/,redfaire,,,,2025,11,62,,,427478,Limerick,,V94
1108,"Royal Dublin Society (RDS)",https://www.rds.ie/,royaldublinsocietyrds,,,,2025,19,93,,,,Dublin,,D02
1109,"First Merchant Processing",https://www.fiserv.com/,firstmerchantprocessing,,,,2025,12,64,172,,355871,Cork,,P36YE14
1110,Remitly,https://www.remitly.com/,remitly,,,,2025,12,64,,,629909,Cork,,T12
1111,CityJet,https://www.cityjet.com/,cityjet,,,,2025,8,51,,,193772,Dublin,,"D12 W658"
1112,Keelvar,https://www.keelvar.com/,keelvar,,,,2025,11,62,,,651280,Dublin,,D18
1113,"Orix Aviation",https://www.orixaviation.com/,orixaviation,,,,2025,15,77,,,170923,Kerry,,V92
1114,"Research Ireland",https://www.researchireland.ie,researchireland,,,,2025,14,72,,,,Dublin,,"D02 FX65"
1115,"Nursing and Midwifery Board",https://www.nmbi.ie/,nursingandmidwiferyboard,,,,2025,20,94,,,,Dublin,785,A94R299
1116,"Chase Paymentech",https://www.chase.com/business/payments,chasepaymentech,,,,2025,12,64,782,,474128,Dublin,,D02
1117,"Irish Human Rights and Equality Commission (IHREC)",https://www.ihrec.ie/,irishhumanrightsandequalitycommissionihrec,,,,2025,16,84,,,,Dublin,85,D07CR20
1118,BlackRock,https://www.blackrock.com/,blackrock,,,,2025,12,64,,,225587,Dublin,,D02
1119,"Uber Ireland",https://www.uber.com/,uberireland,,,,2023,8,49,,,529509,,,
1120,"Orange Recruitment",https://orangerecruitment.ie/,orangerecruitment,,,,2025,15,78,,,513425,Dublin,,D09
1121,"Knock Shrine",https://www.knockshrine.ie,knockshrine,,,,2025,20,94,,,125000,Dublin,,"D02 DX26"
1122,ePower,https://www.epower.ie/,epower,,,,2025,4,35,,,,Cork,,T12
1123,"Best Menswear",https://www.bestmenswear.com/Images/Legal/GenderPayGapReporting2025.pdf?srsltid=AfmBOoqeTEikCf-ZjKFBDOW3TidBxtQcJhTJkb9wIVFoqkpvnGTaO2OV,bestmenswear,,,,2025,7,47,,,,Dublin,368,D09DY74
1124,"East Coast Bakehouse",https://eastcoastbakehouse.com/,eastcoastbakehouse,,,,2025,7,46,,,558099,Louth,,A92
1125,"Garland Consultancy",https://www.garlandconsultancy.com/,garlandconsultancy,,,,2025,14,70,,,,Dublin,,D06
1126,Phonewatch,https://www.phonewatch.ie/,phonewatch,,,,2025,15,80,,,162566,Kerry,,V92
1127,"Actons Hotel Kinsale",https://www.actonshotelkinsale.com/,actonshotelkinsale,,,,2025,9,55,,,306066,Dublin,,D07
1128,Unijobs,https://unijobs.ie/,unijobs,,info@unijobs.ie,,2023,15,78,,,524623,Limerick,,V94
1129,Threshold,https://threshold.ie/,threshold,,,,2025,18,88,,,70660,Dublin,,D01
1130,"Crown Paints",https://about.crownpaints.com/,crownpaints,,,,2025,3,32,,,174690,Kildare,,W23
1131,"The Brehon Hotel & Spa",https://www.thebrehon.com/,thebrehonhotelspa,,,,2025,9,55,,,,Kerry,,"V93 RT22"
1132,"Lough Eske Castle Hotel",https://www.lougheskecastlehotel.com,lougheskecastlehotel,,,,2025,9,55,,,,Donegal,,"F94 HX59"
1133,"Accenture Global Solutions",https://www.accenture.com/ie-en,accentureglobalsolutions,,,,2022,14,70,11,,554978,Dublin,,D04
1134,"Accenture Limited",https://www.accenture.com/ie-en/,accenturelimited,,,,2022,14,70,11,,340745,Dublin,,"D02 P638"
1135,Droga5,https://droga5.ie/,droga5,,,,2025,14,73,11,,236306,Dublin,,D16
1136,"Accenture International Ltd.",https://www.accenture.com/ie-en/,accentureinternationalltd,,,,2025,14,70,11,,620139,Dublin,,"D02 P638"
1137,"Irish Distillers Ltd",https://www.irishdistillers.ie/,irishdistillersltd,,,,2022,3,11,226,,23732,Dublin,506,D04W9H6
1138,"Irish Distillers International",https://www.irishdistillers.ie/,irishdistillersinternational,,,,2024,3,11,226,,15558,Dublin,,D15
1139,"DFDS - Lucey Transport",https://www.dfds.com/,dfdsluceytransport,,,,2025,8,49,,,668171,Dublin,,D02
1140,Notion,https://www.notion.com/,notion,,,,2025,11,62,,,678918,Dublin,,D02
1141,"M3 Mulhuddart Services",https://m3mulhuddartservices.ie/,m3mulhuddartservices,,,,2025,7,47,,,,Dublin,,D15
1142,"MSD International",https://msd-ireland.com/,msdinternational,,,,2025,3,21,286,,910310,Louth,,A91
1143,"MSD Ireland Human Health",https://msd-ireland.com/,msdirelandhumanhealth,,,,2025,3,21,286,,,Dublin,,"D18 X5K7"
1144,"MSD Shared Business Services",https://msd-ireland.com,msdsharedbusinessservices,,,,2025,15,82,286,,485699,Dublin,,D18
1145,Intervet,https://www.msd-animal-health.ie/,intervet,,,,2025,14,75,286,,31789,Dublin,,D02
1146,Identigen,https://www.identigen.com/yes,identigen,,,,2025,14,71,286,,257418,Cork,,T12
1147,Bloomberg,https://www.bloomberg.com/,bloomberg,,,,2025,11,63,,,357324,Dublin,,D02
1148,"Abbey Theatre",https://www.abbeytheatre.ie,abbeytheatre,,,,2025,19,90,,,414400,Dublin,,D01
1149,"Emerald Cultural Insitute",https://www.eci.ie/,emeraldculturalinsitute,,,,2025,17,85,,,,Dublin,,D03
1150,"South Kerry Development Partnership",https://www.southkerry.ie/,southkerrydevelopmentpartnership,,,,2025,18,88,,,191645,Kerry,292,V23P981
1151,"Levy Ireland",https://levy.ie/,levyireland,,,,2025,9,56,98,,128612,Limerick,,V94
1152,"The Bar of Ireland",https://www.lawlibrary.ie/,thebarofireland,,,,2025,14,69,,,,Dublin,,"D07 A78X"
1153,"AerCap Ireland Ltd",https://www.aercap.com/,aercapirelandltd,,,,2022,8,51,14,,51950,Cork,,T12
1154,"Celestial Aviation Services",https://www.aercap.com/,celestialaviationservices,,,,2025,8,52,14,,205625,Cork,,T12
1155,"AstraZeneca Pharmaceuticals",https://www.astrazeneca.com/country-sites/ireland.html,astrazenecapharmaceuticals,,,,2025,3,21,522,,55502,Cork,,T12
1156,"AstraZeneca Ireland",https://www.astrazeneca.com/country-sites/ireland.html,astrazenecaireland,,,,2025,3,21,522,,734129,Dublin,,D15
1157,"Re:Cycle Reverse Logistics",https://www.aboutamazon.eu/,recyclereverselogistics,,,,2025,8,49,22,,621044,Dublin,,D04
1158,"Aon Broking Technology",https://www.aon.com/en/capabilities/risk-transfer,aonbrokingtechnology,,,,2025,12,64,29,,573235,Dublin,,D01
1159,"Aviva Direct Ireland",https://www.aviva.ie/,avivadirectireland,,,,2025,12,65,49,,374895,Dublin,,A94X9Y3
1160,"Jigsaw (National Centre for Youth Mental Health clg)",https://jigsaw.ie/,jigsawnationalcentreforyouthmentalhealth,,,,2025,18,88,,,,Dublin,274,D02V590
1161,Vantive,https://www.vantive.eu/,vantive,,media@vantive.com,,2024,3,21,56,,746557,Mayo,,F23
1162,"CBRE Advisory",https://www.cbre.ie/,cbreadvisory,,,,2024,13,68,957,,316570,Sligo,,F91
1163,"CBRE Project Management",https://www.cbre.ie/,cbreprojectmanagement,,,,2025,14,70,957,,446664,Dublin,,D04
1164,"Citco Technology Management",https://www.citco.com/,citcotechnologymanagement,,,,2024,11,62,92,,448757,Cork,,T12
1165,"Citco Bank Nederland N.V Dublin",https://www.citco.com/,citcobanknederlandnvdublin,,,,2025,12,64,92,,904070,Dublin,,D14P9P3
1166,"AMO (Advanced Medical Optics) Ireland",https://www.jnj.com/,amoadvancedmedicalopticsireland,,,,2025,3,32,1167,,904750,Dublin,,D22
1167,"Johnson & Johnson Ireland",https://www.jnj.com/,johnsonjohnsonireland,,,,2025,3,32,1167,,9043,Cork,,T12
1168,"Neuravi Ltd",https://www.jnj.com/,neuraviltd,,,,2025,3,32,1167,,468507,Galway,,H91
1169,"U.S. Bank Europe",https://www.elavon.ie/,usbankeurope,,,,2025,12,64,152,,418442,Dublin,,D18
1170,"U.S. Bank Global Corporate Trust",https://www.elavon.ie,usbankglobalcorporatetrust,,,,2025,12,64,152,,909340,Dublin,,D18
1171,"U.S. Bank Global Fund Services",https://www.elavon.ie/,usbankglobalfundservices,,,,2025,12,64,152,,413707,Dublin,,D02
1172,"Element Fleet Leasing",https://elementfleet.com/,elementfleetleasing,,,,2025,15,77,,,752096,Dublin,,D06
1173,"Essilor: Vision Express",https://www.visionexpress.ie/,essilorvisionexpress,,,,2025,7,47,576,,166283,Limerick,,V94
1174,"Rupp and Hubrach Optik",https://www.rh-brillenglas.de/,ruppandhubrachoptik,,,,2025,7,46,,,904104,Wicklow,,A63
1175,"EY Client Solution",https://www.ey.com/en_ie,eyclientsolution,,,,2025,14,70,162,,,Cork,,T12
1176,"Claregalway Hotel",https://www.claregalwayhotel.ie,claregalwayhotel,,,,2025,9,55,1345,,371299,Galway,,H91
1177,"Hilton Foods",,hiltonfoods,,,,2025,3,10,,,364448,Louth,,A92
1178,"GlaxoSmithKline Ireland",https://www.gsk.com/,gskireland,,,,2025,3,21,,,268666,Dublin,,D02
1179,"Hewlett Packard - HP Enterprise",https://www.hpe.com/,hewlettpackardhpenterprise,,,,2025,11,62,207,,,Kildare,,"W23 Y972"
1180,"Provincial Sprinkler Company",https://www.pscl.ie/,provincialsprinklercompany,,,,2025,15,80,1182,,75244,Dublin,,D02
1181,"ADT Fire and Security",https://www.adt.ie/,adtfireandsecurity,,,,2025,15,80,1182,,46603,Limerick,,V94
1182,"Johnson Controls",https://www.johnsoncontrols.com/,johnsoncontrols,,,,2025,3,28,1182,,186431,Dublin,,D02
1183,"Keelings (all entities)",https://www.keelings.com/,keelingsallentities,,,,2025,1,1,1183,,,Dublin,,"K67 YC83"
1184,"Kilsaran Precast",https://www.kilsaran.ie/,kilsaranprecast,,,,2024,3,23,248,,613359,Meath,,C15
1185,Trenmor,https://www.linesight.com/,trenmor,,,,2025,14,73,260,,526179,Dublin,,D04
1186,"McCabes Pharmacy",https://www.mccabespharmacy.com/,mccabespharmacy,,,,2022,7,47,531,,342371,Dublin,,D24
1187,"MaplesFS Service Company",https://maples.com/,maplesfsservicecompany,,,,2024,12,64,874,,728851,Dublin,,D02
1188,"MCSC Limited",https://maples.com/,mcsclimited,,,,2025,12,66,874,,760483,Dublin,,D02
1189,"Marsh McLennan Innovation Centre",https://www.marsh.com/ie/home.html,marshmclennaninnovationcentre,,,,2025,11,62,265,,550964,Dublin,,D02
1190,"Mercer Global Investments",https://www.marsh.com/ie/home.html,mercerglobalinvestments,,,,2024,12,64,265,,416688,Dublin,,D02
1191,"Runways Information Services",https://about.meta.com/,runwaysinformationservices,,,,2025,11,63,282,,553841,Dublin,,D04
1192,"Microsoft RL Unlimited",https://www.microsoft.com/en-ie/,microsoftrlunlimited,,,,2025,11,63,283,,626960,Dublin,,D02
1193,"Pfizer Healthcare Ireland",https://www.pfizer.ie/,pfizerhealthcareireland,,,,2025,7,46,314,,127002,Cork,,T12
1194,"RED C Research",https://redcresearch.com/,redcresearch,,,,2025,14,73,,,371854,Dublin,,D16
1195,123.ie,https://www.123.ie/,123ie,,,,2024,12,65,,,323099,Cork,,T12
1196,"Smurfit Kappa Services Limited",https://www.smurfitkappa.com/ie,smurfitkappaserviceslimited,,,,2025,3,17,345,,88814,Dublin,,D22
1197,"Multi Packaging Solutions Westport",https://www.westrock.com/company/multi-packaging-solutions,multipackagingsolutionswestport,,,,2025,3,17,345,,136499,Tipperary,,E34
1198,"Multi Packaging Solutions Limerick",https://www.westrock.com/company/multi-packaging-solutions,multipackagingsolutionslimerick,,,,2025,3,17,345,,308622,Galway,,H91
1199,"Westrock Healthcare Packaging",https://www.westrock.com/company/multi-packaging-solutions,westrockhealthcarepackaging,,,,2025,3,17,345,,105310,Dublin,,D12
1200,"Smyths Toys HQ UC",https://www.smythstoys.com,smythstoyshquc,,,,2025,7,47,346,,501390,Galway,,H91
1201,"State Street Investment Managament",https://www.statestreet.com/,statestreetinvestmentmanagament,,,,2025,12,64,649,,49934,Dublin,,D06
1202,"State Street Technology Ireland",https://www.statestreet.com/,statestreettechnologyireland,,,,2025,11,63,649,,766205,Dublin,,D02
1203,"Charles River Development",https://www.statestreet.com/,charlesriverdevelopment,,,,2025,11,63,649,,533444,Dublin,,D02
1204,"Stripe Technology Europe",https://stripe.com/ie/,stripetechnologyeurope,,,,2025,11,62,353,,599050,Dublin,,D02
1205,"Stripe Technology Company",https://stripe.com/,stripetechnologycompany,,,,2025,11,62,353,,564555,Dublin,,D02
1206,"Takeda (all legal entities)",https://www.takeda.com/en-ie/,takedacombined,,,,2025,3,21,1206,,233508,Kilkenny,,R95
1207,"Limerick Strand Hotel",https://www.strandhotellimerick.ie/,limerickstrandhotel,,,,2025,9,55,700,,,Limerick,,V94
1208,"The College Green Hotel",https://www.thecollegegreenhotel.com/,thecollegegreenhotel,,,,2025,9,55,700,,544614,Dublin,,D04
1209,"The Spencer Hotel",https://www.thespencerhotel.com/,thespencerhotel,,,,2025,9,55,700,,,Dublin,,D01
1210,"The Hilton Dublin",https://www.hilton.com/en/hotels/dubduhn-hilton-dublin/,thehiltondublin,,,,2025,9,55,700,,,Dublin,,D02
1211,"Brooks Hotel",https://www.brookshotel.ie/en/,brookshotel,,,,2025,9,55,700,,,Dublin,,"D02 TV06"
1212,"The Trinity City Hotel",https://www.trinitycityhotel.com/en/,thetrinitycityhotel,,,,2025,9,55,700,,,Dublin,,D02
1213,"Uniphar Ireland (all legal entities)",https://www.uniphar.ie/,unipharireland,,,,2024,7,46,1213,,,Dublin,,"D24 V06K"
1214,"Uniphar Group PLC",https://www.uniphar.ie/,uniphargroupplc,,,,2025,7,46,1213,,,Dublin,,D24
1215,"Verizon Ireland",https://www.verizon.com/,verizonireland,,,,2025,11,61,1215,,224334,Donegal,,F92
1216,"Vodafone Group Services ",https://www.vodafone.ie/,vodafonegroupservices,,,,2025,11,63,394,,413775,Dublin,,D18
1217,HEAnet,https://www.heanet.ie/,heanet,,,,2025,11,61,,,,Dublin,,D01
1218,"The Stepstone Group Ireland Recruit",https://www.irishjobs.ie/,thestepstonegroupirelandrecruit,,,,2025,15,78,,,260762,Dublin,377,D02E0F4
1219,"Philip Lee LLP",https://www.philiplee.ie/,philipleellp,,,,2025,14,69,,,,Dublin,,"D04 C5Y6"
1220,"John Sisk & Son International Services",https://sisk.com/,johnsisksoninternationalservices,,,,2025,6,41,238,,621774,Dublin,,D22
1221,"Sisk: SGS Management Services",https://sisk.com/,sisksgsmanagementservices,,,,2025,15,82,238,,,Dublin,,D02
1222,"Sisk: Vision Built Manufacturing",https://vision-built.com/,siskvisionbuiltmanufacturing,,,,2025,6,43,238,,523593,Dublin,,D24
1223,Sensori,https://www.sensorigrp.com/,sensori,,,,2023,15,81,238,,548567,Dublin,,D15
1224,Ice,https://www.ice.com/index,ice,,,,2025,12,66,,,,Dublin,,"D02 R296"
1225,"Financial Services and Pensions Ombudsman",https://fspo.ie/,financialservicesandpensionsombudsman,,,,2025,16,84,,,,Dublin,181,D02VH29
1226,"Teneo Strategy Ireland",https://www.teneo.com/,teneostrategyireland,,,,2025,14,70,,,92844,Dublin,,D02
1227,Fenero,https://www.fenero.ie/,fenero,,,,2025,14,70,,,493351,Dublin,,D15
1228,"AbbVie North Dublin",https://www.abbvie.ie/,abbvienorthdublin,"Forest Laboratories",,,2024,3,21,5,,403037,Dublin,,D03W6Y1
1229,"I-res REIT",https://www.iresreit.ie/,iresreit,,,,2025,15,77,,,,Dublin,,D02
1230,Pinergy,https://pinergy.ie/,pinergy,,,,2025,4,35,,,582076,Dublin,,D04
1231,"Pure Telecom",https://www.puretelecom.ie/,puretelecom,,,,2025,11,61,,,356679,Dublin,,D24
1232,"Yuno Energy",https://yunoenergy.ie/,yunoenergy,,,,2023,4,35,,,467144,,,
1233,"Monasterevin Motors",https://www.monasterevinmotors.ie/,monasterevinmotors,,,,2025,7,47,,,118517,Dublin,,D01
1234,Pluralsight,https://www.pluralsight.com/,pluralsight,,,,2025,11,63,,,614400,Dublin,,D01
1235,"Citizens Information Board",https://www.citizensinformationboard.ie/,citizensinformationboard,,,,2025,16,84,,,,Dublin,401,D02VK65
1236,"Brown Bag Films",https://www.brownbagfilms.com/,brownbagfilms,,,,2022,10,59,,,243929,Tipperary,,E34
1237,"Bord Bia",https://www.bordbia.ie/,bordbia,,,,2025,14,73,,,,Dublin,,"D04 NV34"
1238,"AbbVie Cork",https://www.abbvie.ie/,abbviecork,"Fournier Laboratories",,,2025,3,21,5,,345437,Dublin,,D02X788
1239,"AbbVie Citywest",https://www.abbvie.ie/,abbviecitywest,,,,2025,3,21,5,,510846,Dublin,,"D02 P638"
1240,"AbbVie (all legal entities)",https://www.abbvie.ie/,abbviealllegalentities,,,,2025,3,21,5,,,Dublin,,"D24 XN32"
1241,"Vienna Woods Hotel",https://www.viennawoodshotel.com/,viennawoodshotel,,,,2025,9,55,,,,Cork,,T45
1242,"Academy Plaza Hotel",https://www.academyplazahotel.ie/,academyplazahotel,,,,2025,9,55,,,471032,Dublin,,D01
1243,"Sage Hibernian",https://www.sage.com/,sagehibernian,,,,2025,11,62,,,300549,Cork,,T12
1244,"RBK (Russell Brennan Keane)",https://www.rbk.ie/,rbkrussellbrennankeane,,enquiries@rbk.ie,,2024,14,69,,,,Dublin,,D18
1245,Computershare,https://www.computershare.com/us,computershare,,,,2025,12,66,,,239353,Carlow,,R93
1246,Transdev,https://www.transdev.com/,transdev,,,,2023,8,49,,,427823,Dublin,,D02
1247,IQ-EQ,https://iqeq.com/,iqeq,,,,2025,11,63,,,,Dublin,,"D02 C9D0"
1248,"Araglen House Nursing Home",https://araglenhouse.ie/,araglenhousenursinghome,,,,2025,18,87,,,461100,Cork,,T12
1249,"Irish Heart Foundation",https://irishheart.ie/,irishheartfoundation,,,,2025,16,84,,,23434,Galway,,H91
1250,"St. Francis Credit Union",https://www.stfranciscu.ie/,stfranciscreditunion,,,,2025,12,64,,,,Clare,,V95
1251,"The Wyatt Hotel",https://www.wyatthotel.com/,thewyatthotel,,,,2025,9,55,,,578909,Mayo,,F23
1252,"Kool 4 Logistics",https://oakland-international.com/,kool4logistics,"Oakland International",,,2024,8,49,,,469561,Dublin,,D02
1253,"Calor Gas Teoranta",https://www.calorgas.ie/,calorgasteoranta,,,,2024,4,35,,,,Dublin,,D12
1254,"Cork Centre for Independent Living",https://corkcil.ie/,corkcentreforindependentliving,,,,2025,18,88,,,276198,Wicklow,,A63
1255,DOCOsoft,https://docosoft.com/wp-content/uploads/2025/11/Gender-Pay-Gap-Report-Ireland-2025-2.pdf,docosoft,,,,2025,11,63,,,774246,Limerick,,V94
1256,"Murphy Group",https://www.murphygroup.com/,murphygroup,,,,2024,6,43,,,,Kildare,,R51
1257,"Panalok Limited",https://panalok.ie/,panaloklimited,"Stanley Black & Decker",,,2025,3,32,,,507367,Dublin,,D02
1258,"Glengara Park",https://www.beechfieldcaregroup.ie/,glengarapark,,,,2025,18,87,,,610712,Dublin,,D15
1259,BMC,https://www.bmc.com/,bmc,,,,2025,11,63,,,451319,Dublin,,D22
1260,"Keogh's Crisps",https://www.keoghs.ie/,keoghscrisps,,,,2025,3,10,,,495408,Dublin,,D02
1261,CareBright,https://www.carebright.ie/,carebright,,,,2025,18,88,,,361908,Limerick,,V94
1262,"Card Factory",https://www.cardfactory.co.uk/,cardfactory,,,,2024,7,46,,,602794,Dublin,,D02
1263,"Luxury Irish Tours",https://luxuryirishtours.com/,luxuryirishtours,"Executive Premier Travel",,,2025,15,79,,,625612,Galway,,H91
1264,"Metro Hotel Dublin Airport",https://www.metrohoteldublinairport.com/,metrohoteldublinairport,,,,2025,9,55,,,769386,Dublin,,D04
1265,"Sole Seafood & Grill",https://www.sole.ie/,soleseafoodgrill,,,,2025,9,56,,,,Dublin,,D02
1266,Chanel,https://www.chanel.com/,chanel,,,,2025,7,47,,,264694,Dublin,,D02
1267,Flyefit,https://www.flyefit.ie/wp-content/uploads/2025/12/GENDER-PAY-REPORT-2025.pdf,flyefit,,,,2025,19,93,,,647114,Dublin,,D08
1268,Sogeti,https://www.sogeti.ie/,sogeti,,,,2025,11,62,,,,Dublin,,D02
1269,"Jennings O'Donovan",https://www.jodireland.com/,jenningsodonovan,,,,2025,6,43,,,149104,Dublin,,D06
1270,"DAC Beachcroft",https://www.dacbeachcroft.com/,dacbeachcroft,,,,2025,14,69,,,439001,Limerick,,"V94 W6WC"
1271,D/RES,https://dres.ie/,dres,,,,2025,6,41,,,,Dublin,,"D04 E6X0"
1272,"Health Services Staffs Credit Union",https://www.hsscu.ie/,healthservicesstaffscreditunion,,,,2025,12,64,,,,Dublin,,D08
1273,"Apem Group",https://www.apemltd.com/,apemgroup,,,,2025,14,70,1273,,693910,,,
1274,"Woodrow SSL",https://woodrow.ie/,woodrowssl,,,,2025,14,70,1273,,493496,Sligo,,F91
1275,"The Iveagh Trust",https://www.theiveaghtrust.ie/,theiveaghtrust,,,,2025,15,77,,,,Dublin,,D08
1276,Aiséirí,https://aiseiri.ie/,aisir,,,,2025,18,86,,,506175,Tipperary,,"E21 AW99"
1277,Capital,https://www.capitalswitchgear.com/,capital,,,,2025,3,27,,,,Dublin,,"D24 WA49"
1278,"Finance Ireland",https://www.financeireland.ie/,financeireland,,,,2025,12,64,,,,Dublin,,"D04 YN53"
1279,"PCO Pharma Group",https://www.pco.ie,pcopharmagroup,,,,2025,7,46,,,,Meath,393,A84WR60
1280,Cygnum,https://cygnum.ie/,cygnum,,info@cygnum.ie,,2025,6,41,,,257747,Dublin,,D02
1281,"Gallivan Murphy Insurance Brokers",https://www.gmib.ie/,gmib,GMIB,info@gmib.ie,,2025,12,65,,,358826,Kerry,430,V93NV21
1282,"Munster Bovine",https://www.munsterbovine.ie/,munsterbovine,,,,2025,14,75,,,,Cork,,P51
1283,"PV Generation",https://pvgeneration.ie/,pvgeneration,,,,2025,6,43,,,571563,Monaghan,,H18
1284,Fexco,https://www.fexco.com/,fexco,,,,2022,12,64,,,83934,Dublin,,D11
1285,"Talbot Hotel Clonmel",https://www.talbothotelclonmel.ie/,talbothotelclonmel,,,,2025,9,55,1068,,709787,Wexford,,Y35
1286,"Caregivers Ireland",https://caregiversireland.ie/,caregiversireland,,,,2022,18,88,,,475436,Dublin,,D12
1287,"Tennant & Ruttle",https://www.tandr.ie/,tennantruttle,,,,2025,8,52,,,109154,Donegal,,F92
1288,Rockwell,https://www.rockwell.ie/,rockwell,,,,2025,6,43,,,,Limerick,,V94
1289,"Trident Hotel",https://www.tridenthotel.com/,tridenthotel,,,,2025,9,55,,,,Cork,,P17
1290,"Leinster Rugby",https://www.leinsterrugby.ie/,leinsterrugby,,,,2025,19,93,,,265198,Limerick,,V94
1291,"Asana Software",https://asana.com/,asanasoftware,,,,2025,11,62,,,550990,Dublin,265,D02CR67
1292,"Archdiocese of Dublin",https://dublindiocese.ie/,archdioceseofdublin,,,,2025,20,94,,,,Dublin,,"D07 XK85"
1293,"Skillnet Ireland",https://www.skillnetireland.ie/,skillnetireland,,,,2025,20,94,,,298694,Meath,,C15
1294,"Cabot Financial",https://www.cabotfinancial.ie/,cabotfinancial,,,,2025,12,66,,,144084,Kilkenny,,R95
1295,"Member First Credit Union",https://www.mfcu.ie/,memberfirstcreditunion,,,,2025,12,64,,,,Dublin,371,D05FH97
1296,"Dolmen Insurance",https://www.dolmen-insurance.ie/,dolmeninsurance,,,,2025,12,65,,,293180,Dublin,,D14
1297,"Cara Credit Union",https://www.caracreditunion.ie/,caracreditunion,,,,2025,12,64,,,,Kerry,,V92
1298,"Croí Laighean Credit Union",https://www.clcu.ie/,croilaigheancreditunion,,,,2025,12,64,,,,Kildare,,R51
1299,"Progressive Credit Union",https://progressivecu.ie/media/pmsdqxyz/pcu-gender-pay-gap-report-2025.pdf,progressivecreditunion,,,,2025,12,64,,,,Dublin,,"K32 NX58"
1300,"Tullamore Credit Union",https://www.tullamorecu.ie/,tullamorecreditunion,,,,2025,12,64,,,,Offaly,,R35
1301,"Credit Union Plus",https://creditunionplus.ie/,creditunionplus,,,,2025,12,64,,,,Meath,,A85
1302,"St. Canice's Credit Union",https://stcanicescu.ie/,stcanicescreditunion,,,,2025,12,64,,,,Kerry,,"V93 RT22"
1303,"Irish League of Credit Unions",https://www.creditunion.ie/,irishleagueofcreditunions,,,,2025,20,94,,,,Dublin,,D02
1304,"Menlo Park Hotel",https://www.menloparkhotel.com/,menloparkhotel,,,,2025,9,55,,,450692,Galway,,H91
1305,CeX,https://ie.webuy.com/,cex,,,,2022,7,47,,,489810,Dublin,,D02
1306,EisnerAmper,https://eisneramper.ie/,eisneramper,,,,2025,14,69,,,775976,Dublin,199,D18CA22
1307,Avista,https://avista.ie/,avista,,info@avistaclg.ie,,2022,18,87,,,527694,Dublin,,D07
1308,"Black Shamrock",https://www.black-shamrock.com/,blackshamrock,,,,2025,11,62,,,571648,,,
1309,"Mars Capital Finance",https://www.marscapital.ie/,marscapitalfinance,,,,2025,12,64,,,558978,Dublin,,"D16 X8C3"
1310,"Irish Pensions & Finance",https://ipf.ie/,irishpensionsfinance,,,,2025,12,66,,,468972,Meath,,C15
1311,"WPP Media",https://www.wppmedia.com/,wppmedia,,,,2025,14,73,,,178436,Dublin,338,D08V0VE
1312,"Canbe Group",https://www.canbe.ie/,canbegroup,,,,2025,9,55,,,295757,Dublin,,D02
1313,"Propylon Ireland (RWS)",https://propylon.com/,propylonirelandrws,,,,2025,11,63,,,,Dublin,,"D14 DW30"
1314,Fyffes,https://www.fyffes.com/,fyffes,,,,2025,3,10,,,73342,Meath,,C15
1315,"Country Clean",https://countryclean.ie/,countryclean,,sales@countryclean.ie,,2024,5,38,,,371457,Cork,,T12
1316,Fragomen,https://www.fragomen.com/,fragomen,,,,2025,14,74,,,601374,Dublin,,D02
1317,Invesco,https://www.invesco.com/,invesco,,,,2025,12,65,,,463397,Dublin,,D02
1318,"Amdocs ASSL",https://www.amdocs.com/,amdocsassl,,,,2025,11,62,1318,,297997,Dublin,,D04
1319,"Amdocs Openet",https://www.amdocs.com/,amdocsopenet,,,,2025,11,62,1318,,308345,Dublin,,D12
1320,"Pilgrim's Europe",https://pilgrimseurope.com/,pilgrimseurope,,,,2022,3,10,,,,Dublin,,"D18 H7R8"
1321,"Dimond Walsh Hospitality",https://lilyandwild.ie/,dimondwalshhospitality,"Lily & Wild",,,2025,9,56,,,675017,Kildare,,W23
1322,"Lyrath Estate",https://www.lyrath.com/,lyrathestate,,info@lyrath.com,,2024,9,55,,,,Kilkenny,,R95
1323,"Cavan Crystal Hotel",https://www.cavancrystalhotel.com/,cavancrystalhotel,,,,2025,9,55,,,548650,Dublin,,D02
1324,Chubb,https://www.chubb.com/,chubb,,,,2025,12,65,,,27640,Louth,,A92
1325,"World Rugby Ireland",https://www.world.rugby/?lang=en,worldrugbyireland,,,,2025,19,93,,,245000,Dublin,491,D02AE93
1326,Taoglas,https://www.taoglas.com/,taoglas,,,,2025,11,61,,,390248,Wexford,,Y35
1327,Tobin,https://www.tobin.ie/,tobin,,,,2024,14,74,,,,Galway,604,H91AXK8
1328,"Nestlé Ireland",https://www.nestle.co.uk/,nestle,,,,2025,3,10,,,1614,Kildare,,W23
1329,Storyful,https://storyful.com/,storyful,,,,2025,10,60,,,478477,Dublin,,D02
1330,"The Grafton",https://www.thegrafton.ie/,thegrafton,,,,2025,9,55,,,,Dublin,,"D02 WV05"
1331,NetApp,https://www.netapp.com/,netapp,,,,2025,11,63,,,705127,Cork,,T12
1332,"GLG Insights",https://glginsights.com/,glginsights,,,,2025,14,73,,,,Dublin,,"D02 KF24"
1333,M&G,https://www.mandg.com/,mg,,,,2025,12,66,,,,Dublin,,"A94 V062"
1334,"Residential Tenancies Board",https://rtb.ie/,residentialtenanciesboard,RTB,,,2025,16,84,,,,Dublin,566,D02RR99
1335,"PE Global",https://www.peglobal.net/,peglobal,,,,2025,15,78,,,,Cork,,T12
1336,"Blizzard Entertainment Ltd",https://www.activision.com/,blizzardentertainmentltd,,,,2025,11,62,1336,,440929,Cork,,T12
1337,"Activision Blizzard Ireland",https://www.activision.com/,activisionblizzardireland,,,,2024,11,62,1336,,240606,Dublin,,D05
1338,Demonware,https://www.demonware.net/,demonware,,,,2025,11,63,1336,,359707,Dublin,,D04
1339,"Milford Care Centre",https://milfordcarecentre.ie/,milfordcarecentre,,,,2022,18,87,,,291969,Tipperary,,E34
1340,"Cowper Care",https://cowpercare.ie/,cowpercare,,,,2024,18,87,,,291145,Dublin,,D02
1341,Boeing,https://www.boeing.co.uk/,boeing,,,,2025,15,77,,,336505,Dublin,,D02
1342,"Nokia Ireland",https://www.nokia.com/,nokiaireland,,,,2025,11,61,,,85214,Dublin,,D12
1343,"Pownall & Hampson",https://www.pownallandhampson.com/,pownallhampson,,,,2025,3,32,,,618942,Dublin,,D05
1344,Siemens,https://www.siemens.com/ie/en.html,siemens,,,,2025,3,27,1344,,7347,Dublin,252,D11KXN4
1345,"Great National Hotel Balina",https://www.hotelballina.ie/,greatnationalhotelbalina,,,,2025,9,55,1345,,,Mayo,,F26
1346,"Jaguar Land Rover (JLR)",https://www.jlr.com/,jaguarlandroverjlr,,,,2023,7,47,,,608696,Dublin,,D02
1347,ProStrategy,https://www.prostrategy.ie/,prostrategy,,,,2025,14,70,,,106508,Cork,,T12
1348,SOTI,https://soti.net/,soti,,,,2025,11,62,,,617473,,,
1349,Millenium,https://www.mlp.com/,millenium,,,,2025,12,66,,,,Dublin,,D02
1350,"Mallinckrodt Pharmaceuticals",https://www.mallinckrodt.com/,mallinckrodtpharmaceuticals,,,,2025,3,21,,,548294,Dublin,,D15
1351,"Sterling Pharma Solutions",https://www.sterlingpharmasolutions.com/,sterlingpharmasolutions,,,,2025,3,21,,,,Cork,,T12
1352,"Adrian Dunne Pharmacy",https://www.dunnepharmacies.ie/,adriandunnepharmacy,,info@dunnepharmacies.ie,,2024,7,47,,,312507,Limerick,,V94
1353,Flynn,https://www.flynnmc.com/,flynn,,,,2024,6,41,,,,Dublin,,D11
1354,"Coolmine Therapeutic Community",https://www.coolmine.ie/,coolminetherapeuticcommunity,,,,2025,18,87,,,50621,Dublin,,D03
1355,"Prosper Fingal",https://www.prosperfingal.ie/,prosperfingal,,,,2025,18,88,,,65998,Cork,,T12
1356,LauraLynn,https://www.lauralynn.ie/,lauralynn,,,,2025,18,87,,,,Dublin,,"D18 X063"
1357,"Mental Health Ireland",https://www.mentalhealthireland.ie/,mentalhealthireland,,,,2025,18,88,,,24379,Kerry,,V92
1358,"Newbrook Nursing Home",https://newbrooknursinghome.ie/,newbrooknursinghome,,,,2025,18,87,,,318694,Cork,,T12
1359,Trailfinders,https://www.trailfinders.ie,trailfinders,,,,2025,15,79,,,339940,Dublin,,D02
1360,"Flynn O'Driscoll (all legal combined, excluding equity partners)",https://www.fod.ie/,flynnodriscoll,,,,2025,14,69,,,,Dublin,,"D02 HX96"
1361,"National Beauty",https://www.nationalbeauty.ie/,nationalbeauty,,,,2025,7,46,,,,Cork,,"T23 CD71"
1362,"Down Syndrome Ireland",https://downsyndrome.ie/,downsyndromeireland,,,,2025,18,88,,,131012,Dublin,,D02
1363,"Gaiety Theatre",https://www.gaietytheatre.ie/,gaietytheatre,,,,2025,19,90,,,147882,Sligo,,F91
1364,Phorest,https://www.phorest.com/,phorest,,,,2024,11,62,,,,Dublin,,"D07 K7KF"
1365,Superdrug,https://www.superdrug.com/,superdrug,,,,2025,7,47,,,,,,
1366,"Capital Hair & Beauty",https://www.capitalhairandbeauty.ie/,capitalhairbeauty,,,,2025,7,46,,,906586,Dublin,,D12
1367,"Charlotte Tilbury",https://www.charlottetilbury.com/,charlottetilbury,,customercare@charlottetilbury.com,,2024,7,47,,,736254,Dublin,,D02
1368,"The Lady Gregory Hotel",https://www.ladygregoryhotel.ie/,theladygregoryhotel,,,,2025,9,55,1345,,,Galway,,H91
1369,"The Tanning Shop",https://thetanningshop.ie/,thetanningshop,,,,2025,20,96,,,,Dublin,,"D17 RX53"
1370,"News Press Ireland",https://www.newspressireland.com/,newspressireland,,,,2025,10,58,1372,,319020,Clare,,V95
1371,"Onic Audio",https://www.onic.ie/,onicaudio,,,,2025,10,60,1372,,423657,Dublin,,D02
1372,"News UK & Ireland (all legal entities)",https://www.news.co.uk/,newsukireland,,,,2025,10,60,1372,,909930,Dublin,,D01
1373,"Shareridge Civil Engineering",https://www.shareridge.ie/,shareridgecivilengineering,,,,2025,6,42,1373,,,Mayo,,F23
1374,"Shareridge Utilities",https://www.shareridge.ie/,shareridgeutilities,,,,2025,14,71,1373,,606616,Mayo,,F23
1375,"TSL Projects",https://tslprojects.com/,tslprojects,,,,2025,6,43,,,501517,Kildare,,W23
1376,Teckro,https://teckro.com/,teckro,,,,2025,11,62,,,557751,Limerick,,V94
1377,Smarttech247,https://www.smarttech247.com/,smarttech247,,,,2025,11,63,,,,Cork,,"T12 XE1E"
1378,"Land Development Agency",https://lda.ie/,landdevelopmentagency,,,,2025,16,84,,,710453,Dublin,555,D02VX67
1379,Securitas,https://www.securitas.ie/,securitas,,customerservice@securitas.ie,,2024,15,80,,,275069,Galway,,H91
1380,Fleetwood,https://www.fleetwood.ie/,fleetwood,,,,2025,3,20,,,97123,Meath,378,A82N267
1381,"Bellingham Castle",https://www.bellinghamcastle.ie/,bellinghamcastle,,,,2025,9,55,,,,Louth,,"A91 RP44"
1382,Welocalize,https://www.welocalize.com/,welocalize,,,,2025,11,63,,,258044,Dublin,,D15
1383,"Giraffe Childcare",https://www.giraffe.ie/,giraffechildcare,,"info@giraffe.ie, careers@giraffe.ie",,2024,18,88,,,319270,Dublin,,D14
1384,"Co-operative Housing Ireland",https://www.cooperativehousing.ie/,cooperativehousingireland,,,,2025,15,77,,,,Clare,,V95
1385,"Eirgen Pharma",https://www.eirgen.com/,eirgenpharma,,,,2025,3,21,,,398605,Waterford,,X91
1386,"The Brazen Head",https://brazenhead.com/,thebrazenhead,,,,2025,9,56,,,,Dublin,,D08
1387,"Four Seasons Carlingford",https://www.4seasonshotelcarlingford.ie/,fourseasonscarlingford,,,,2025,9,55,1387,,271400,Monaghan,,"A75 WF96"
1388,"Close Brothers Motor Finance",https://www.closemotorfinance.ie/,closebrothersmotorfinance,,,,2025,12,64,,,538515,Dublin,,D09
1389,"Four Seasons Monaghan",https://www.4seasonshotel.ie/,fourseasonsmonaghan,,,,2025,9,55,1387,,,Monaghan,,H18
1390,"Frank Keane Liffey Valley",https://www.frankkeanevolkswagen.ie/,frankkeaneliffeyvalley,,,,2025,7,47,1390,,,Dublin,,D22
1391,"Frank Keane South Dublin",https://www.frankkeanevolkswagen.ie/,frankkeanesouthdublin,,,,2025,7,47,1390,,577137,Dublin,,D12
1392,"International Hotel Kilkenny",https://www.killarneyinternational.com/,internationalhotelkilkenny,,,,2025,9,55,,,,Kilkenny,,R95
1393,"Aghadoe Heights Hotel & Spa",https://www.aghadoeheights.com/,aghadoeheightshotelspa,,,,2025,9,55,,,521713,Dublin,,"D02 P638"
1394,"Bluebird Care BKE Ltd.",https://www.bluebirdcare.ie/,bluebirdcarebkeltd,,,,2025,18,86,1394,,486624,Kilkenny,,R95
1395,"Bluebird Care Dublin South",https://www.bluebirdcare.ie/,bluebirdcaredublinsouth,,,,2025,18,86,1394,,559085,Dublin,,D14
1396,"Bluebird Care Northeast",https://www.bluebirdcare.ie/,bluebirdcarenortheast,Kiermar,,,2025,18,86,1394,,488652,Donegal,,F92
1397,"Bluebird Care Valcao",https://www.bluebirdcare.ie/,bluebirdcarevalcao,,,,2025,18,86,1394,,509885,Laois,,R32
1398,"Bluebird Care Wexford",https://www.bluebirdcare.ie/,bluebirdcarewexford,,,,2025,18,86,1394,,,Wexford,,Y35
1399,"Bluebird Care Dublin South West",https://www.bluebirdcare.ie/,bluebirdcaredublinsouthwest,,,,2025,18,86,1394,,,Dublin,,D02
1400,"Bluebird Care Tipperary & East Cork",https://www.bluebirdcare.ie/,bluebirdcaretipperaryeastcork,,,,2025,18,86,1394,,,Cork,,T12
1401,"Bluebird Care Galway",https://www.bluebirdcare.ie/,bluebirdcaregalway,,,,2025,18,86,1394,,,Galway,,H91
1402,"Bluebird Care Clare",https://www.bluebirdcare.ie/,bluebirdcareclare,,,,2025,18,86,1394,,,Clare,,V95
1403,"ALS Global",https://www.alsglobal.com/en/,alsglobal,,,,2025,14,71,,,383448,Cork,,T12
1404,"Granville Hotel Waterford",https://www.granvillehotel.ie/,granvillehotelwaterford,,,,2025,9,55,,,66284,Dublin,,D06
1405,"Great National South Court Hotel",https://www.southcourthotel.com/,greatnationalsouthcourthotel,,,,2025,9,55,1345,,,Limerick,,"V94 E77X"
1406,"Great National Ballykisteen Hotel",https://www.ballykisteenhotel.com/,greatnationalballykisteenhotel,,,,2025,9,55,1345,,,Tipperary,,E34
1407,"Newtown Park Hotel",https://www.newtownparkhotel.com/,newtownparkhotel,,,,2025,9,55,1345,,23577,Carlow,,R93
1408,"Brandon House Hotel",https://www.brandonhousehotel.ie,brandonhousehotel,,,,2025,9,55,,,248663,Dublin,,D07
1409,"Carrigaline Court Hotel",https://carrigalinecourt.com/,carrigalinecourthotel,,,,2025,9,55,,,73449,Waterford,,X91
1410,"Sligo Park Hotel",https://www.sligoparkhotel.com/,sligoparkhotel,,,,2025,9,55,,,27412,Dublin,,D09
1411,"Eccles Hotel",https://www.eccleshotel.com/,eccleshotel,,,,2025,9,55,,,,Cork,,"P75 A072"
1412,"Hotel Isaacs",https://www.hotelisaacscork.com/,hotelisaacs,,,,2025,9,55,,,,Cork,,T23
1413,Ticketmaster,https://www.ticketmaster.ie/,ticketmaster,,,,2025,15,79,,,,Offaly,,R35
1414,"Autism Initiatives Ireland",https://autisminitiatives.org,autisminitiativesireland,,,,2024,18,88,,,435497,Wicklow,,A63
1415,"Avalon House Hotel",https://www.avalonhousehotel.ie/,avalonhousehotel,,,,2025,9,55,,,576252,Kilkenny,,R95
1416,"Kilmore Hotel",https://www.hotelkilmore.ie/,kilmorehotel,,,,2025,9,55,856,,,Cavan,,H12
1417,"The Morrison Hotel",https://www.morrisonhotel.ie/,themorrisonhotel,,,,2025,9,55,,,135876,Roscommon,,F45
1418,"Grand Canal Hotel",https://www.grandcanalhotel.ie/en/,grandcanalhotel,,,,2025,9,55,,,338278,Donegal,,F92
1419,"Bridge House Hotel",https://www.bridgehousehoteltullamore.ie/,bridgehousehotel,,,,2025,9,55,,,155096,Louth,,A92
1420,"McWilliam Park Hotel",https://www.mcwilliampark.ie/,mcwilliamparkhotel,,,,2025,9,55,,,,Mayo,,"F12 D1W3"
1421,"Baker Tilly Ireland",https://www.bakertilly.ie/,bakertillyireland,,,,2025,14,69,,,756040,Dublin,230,D01X8H2
1422,"Global Ireland",https://global.com/ie/,globalireland,,,,2025,14,73,,,229110,Dublin,,"D02 A668"
1423,"MCD Productions",https://www.mcd.ie/,mcdproductions,,,,2025,19,90,,,348378,Dublin,,D02
1424,"Dalcassian Restaurants",https://dalcassian.ie/,dalcassianrestaurants,"McDonald's Sligo & Letterkenny",info@dalcassian.ie,,2023,9,56,,,338880,Donegal,,F92
1425,"The Q Café Company",https://www.qcafe.ie/,theqcafecompany,,info@qcafe.ie,,2022,9,56,,,,Dublin,,D06
1426,"Limerick Leader",https://www.limerickleader.ie/,limerickleader,"Formpress Publishing Ltd",,,2025,10,58,,,538870,Dublin,,"D04 T8X2"
1427,"Irish Dog Foods",https://irishdogfoods.com/,irishdogfoods,,,,2024,3,10,,,110237,Cork,,T12
1428,"Bank of Montreal",https://capitalmarkets.bmo.com/,bankofmontreal,,,,2025,12,64,,,255687,Mayo,,F23
1429,Ocuco,https://www.ocuco.com/,ocuco,,info@ocuco.com,,2025,11,62,,,240089,Wicklow,,A63
1430,"Intact Software",https://www.intactsoftware.com/,intactsoftware,,,,2025,11,61,,,503867,Donegal,,F92
1431,"Broadridge Ireland",https://www.broadridge.com/,broadridgeireland,,,,2025,12,64,,,106982,Cork,,T12
1432,"Tandem Project Management",https://www.tandempm.ie/,tandemprojectmanagement,,,,2025,14,70,,,337936,Cork,,T12
1433,"Openmind Networks",https://www.openmindnetworks.com/,openmindnetworks,,,,2025,11,61,,,370411,Dublin,,D02
1434,"Avery Dennison Ireland",https://www.averydennison.com,averydennisonireland,,,,2025,3,22,,,6005,Dublin,,D02
1435,"Arthur Cox (The Company - including partners)",https://www.arthurcox.com/,arthurcoxcompanyinclpartners,,,,2022,14,69,42,,509732,Dublin,,D02
1436,"Arthur Cox (The Company - excluding partners)",https://www.arthurcox.com/,arthurcoxcompanyexclpartners,,,,2022,14,69,42,,509732,Dublin,,D02
1437,"Arthur Cox (all legal entities)",https://www.arthurcox.com/,arthurcoxalllegalentities,,,,2022,14,69,42,,,Dublin,,"D02 T380"
1438,"DXC Technology",https://dxc.com/,dxctechnology,,,,2025,11,62,,,,Galway,,"H91 WP08"
1439,"Mountain Warehouse",https://www.mountainwarehouse.com/eu/roi-gender-pay-gap/,mountainwarehouse,,,,2025,7,47,,,904936,Dublin,,D15
1440,Pelco,https://www.pelco.ie/,pelco,,info@pelcoltd.ie,,2024,7,47,,,429744,Dublin,547,D15YY9V
1441,"International Irish Trading Corporation (IITC)",https://iitc.ie/,iitc,,,,2024,7,47,,,,Cork,,T12
1442,"Fivetran Data Pipeline",https://www.fivetran.com/,fivetrandatapipeline,,,,2025,11,63,,,623560,Dublin,,D02
1443,"Frank Keane MG",https://www.frankkeanemg.ie/,frankkeanemg,,,,2025,7,47,1390,,,Dublin,,D22
1444,"TINE Ireland",https://www.tine.no/ireland,tineireland,,,,2025,3,10,,,588422,Cork,,T12
1445,"Azets Ireland",https://www.azets.com/en-ie,azetsireland,,,,2025,14,69,,,276064,,,
1446,"Lir Chocolates",https://www.lirchocolates.com/,lirchocolates,"Zertus UK&I",,,2025,3,10,,,114635,Monaghan,,H18
1447,Crossell,https://www.crossell.ie/,crossell,,,,2025,14,73,,,275959,Donegal,,F92
1448,"Victoria's Secret",http://www.victoriassecret.ie/,victoriassecret,"Intimate Apparel Retail Ireland",,,2025,7,46,,,668678,Dublin,,D02
1449,"KMK Metals Recycling",https://www.kmk.ie/,kmkmetalsrecycling,,,,2025,5,38,,,67176,Clare,,V95
1450,"MSL Motor Group",https://www.msl.ie/,mslmotorgroup,,customercareteam@msl.ie,,2024,7,47,,,,Dublin,,D07
1451,"Toyota Ireland",https://www.toyota.ie/,toyotaireland,,,,2025,7,47,,,37417,Louth,,A92
1452,"Conlon & Son",https://www.conlanandsonsbmw.ie/,conlonson,,,,2025,7,47,,,,Kildare,,"W91 E6EP"
1453,Motorola,https://www.motorolasolutions.com/,motorola,,,,2025,11,63,,,765894,Dublin,,D02
1454,"Collins Aerospace (all legal entities)",https://www.rtx.com/collinsaerospace/who-we-are/about-us/global/europe/ireland,collinsaerospace,,,,2025,3,30,1454,,472601,Cork,,T12
1455,"Collins Aerospace Ireland",https://www.rtx.com/collinsaerospace/who-we-are/about-us/global/europe/ireland,collinsaerospaceireland,,,,2025,3,30,1454,,472601,Cork,,T12
1456,"Shannon Aircraft Motor Works",https://www.rtx.com/collinsaerospace/who-we-are/about-us/global/europe/ireland,shannonaircraftmotorworks,"Hamilton Sundstrand Shannon",,,2025,3,33,1454,,131605,Dublin,,D02
1457,"Ask Acorn",https://askacorn.ie/,askacorn,"Acorn Brokerage Limited",,,2025,12,64,,,513124,Galway,,H91
1458,"ASL Airlines",https://www.aslairlines.ie/,aslairlines,,info@aslairlines.ie,,2022,15,77,,,187849,Meath,,C15
1459,"LKQ Euro Car Parts",https://www.eurocarparts.com/,lkqeurocarparts,,custservice.ie@eurocarparts.com,,2022,7,47,,,,Dublin,,"D02 ED70"
1460,"Chill Insurance",https://www.chill.ie/,chillinsurance,,"info@chill.ie, care@chill.ie",,2023,12,65,,,506021,Dublin,,D18
1461,Redclick,https://www.redclick.ie/,redclick,,info@redclick.ie,,2024,12,65,,,,Cavan,,H12
1462,"Kirby Engineering & Construction",https://www.kirbygroup.com/,kirbyengineeringconstruction,,info@kirbygroup.com,,2022,6,41,,,622971,Limerick,213,V94NNC4
1463,Astreya,https://astreya.com/,astreya,,,,2025,11,63,,,481664,Dublin,,D04
1464,Ricoh,https://www.ricoh.ie/,ricoh,,,,2025,7,46,,,11971,Dublin,,D08
1465,"Irish Farmers Association",https://www.ifa.ie/,irishfarmersassociation,,,,2025,20,94,,,,Dublin,,D12
1466,"Waterways Ireland",https://www.waterwaysireland.org/,waterwaysireland,,,,2024,6,42,,,,Dublin,,"D02 ET38"
1467,"Irish Cattle Breeding Federation",https://www.icbf.com/,irishcattlebreedingfederation,,,,2025,1,1,,,,Wicklow,,A98
1468,"Ogier Shared Services",https://www.ogier.com/,ogiersharedservices,,,,2025,14,69,,,577672,Dublin,,D04
1469,"Journal Media",https://www.j-media.ie/,journalmedia,,,,2025,10,60,,,483623,Dublin,,D08
1470,Prodieco,https://www.prodieco.com/,prodieco,,,,2024,3,28,,,498076,Dublin,,D24
1471,MathWorks,https://www.mathworks.com/,mathworks,,,,2025,11,62,,,584822,Dublin,,"D03 H6W0"
1472,"Roscommon Leader Partnership",https://www.rosleaderpartnership.ie/,roscommonleaderpartnership,,,,2025,18,88,,,,Roscommon,,F42
1473,"Clare Tourism Development",https://www.cliffsofmoher.ie/,claretourismdevelopment,,,,2025,15,79,,,,Clare,842,V95FX32
1474,"IAC Group",https://iac.aero/,iacgroup,"IAC Group",,,2025,8,52,1474,,,Clare,,V14
1475,"BNP Paribas",https://www.bnpparibas.ie/,bnpparibas,,,,2024,12,64,,,903258,Dublin,,D18
1476,Zinkworks,https://www.zinkworks.com/,zinkworks,,,,2025,11,63,,,,Westmeath,,"N37 E2P6"
1477,Mergon,https://mergon.com/,mergon,,,,2022,3,22,,,909494,Westmeath,,N91
1478,Statkraft,https://www.statkraft.ie/,statkraft,,,,2025,4,35,,,487313,Dublin,,D02DH60
1479,"Wilson Hartnell",https://www.wilsonhartnell.ie/,wilsonhartnell,,,,2025,14,73,,,38401,Dublin,403,D02E896
1481,"DCC Management Services",https://www.dcc.ie/,dccmanagementservices,,,,2025,4,35,,,385376,Dublin,,D18
1482,Datalex,https://www.datalex.com/,datalex,,,,2025,11,62,,,110325,Kerry,,V92
1483,"Orona MidWestern",https://www.orona-group.com/,oronamidwestern,,,,2025,3,28,,,90721,Dublin,,D02
1484,Emerson,https://www.emerson.com/,emerson,,,,2025,3,28,,,424649,Tipperary,,E34
1485,Informatica,https://www.informatica.com/,informatica,,,,2025,11,63,,,326989,Dublin,,D02
1486,"Nordex Energy",https://www.nordex-online.com/,nordexenergy,,,,2025,3,28,,,478724,Limerick,,V94
1487,"Hannover Re",https://www.hannover-re.com/,hannoverre,,,,2025,12,65,,,313264,Dublin,,D01
1488,"Certas Energy",https://www.certasenergyretail.eu/,certasenergy,,,,2025,7,46,,,656547,Louth,,A92
1489,"Sika Ireland",https://irl.sika.com/,sikaireland,,,,2025,3,20,,,223343,Dublin,,D01
1490,"Carbon Group",https://www.carbon.ie/,carbongroup,,,,2025,3,20,,,43703,Westmeath,,N91
1491,"Estée Lauder",https://www.elcompanies.com/en/,esteelauder,,mediarequests.emea@estee.com,,2022,3,20,,,,Dublin,238,D01H104
1492,"McCormack Farms",https://mccormackfarms.ie/,mccormackfarms,,,,2025,1,1,,,140401,Dublin,,D02
1493,Serosep,https://www.serosep.com/,serosep,,,,2025,3,32,,,289049,Dublin,,D07
1494,"Educational Research Centre",https://www.erc.ie/,educationalresearchcentre,,,,2025,14,72,,,,Dublin,,D09
1495,"MedGen Healthcare",https://www.medgen.ie/rails/active_storage/blobs/redirect/eyJfcmFpbHMiOnsibWVzc2FnZSI6IkJBaHBBNkdQamc9PSIsImV4cCI6bnVsbCwicHVyIjoiYmxvYl9pZCJ9fQ==--e630c2d717ede930c5a7c0d42de54e0ca2925c86/MEDGEN%20HEALTHCARE%20IRELAND%20LIMITED%20-%20Gender%20Pay%20Gap%20Report%202025.pdf,medgenhealthcare,,,,2025,15,78,,,754955,Dublin,,D02
1496,"Brightwater Group",https://www.brightwater.ie/,brightwatergroup,,,,2025,15,78,,,,Cork,,T12
1497,"Ravenport Resort",https://www.ravenportresort.ie/,ravenportresort,,,,2025,9,55,,,,Wexford,,Y21
1498,"Donegal Local Development CLG",https://dldc.org/,donegallocaldevelopmentclg,,,,2025,18,88,,,236427,Dublin,,D02
1499,Cornmarket,https://www.cornmarket.ie/,cornmarket,,,,2022,12,66,,,88361,Monaghan,,H18
1500,TG4,https://www.tg4.ie/,tg4,,,,2025,10,60,,,,Galway,,"H91 X4T0"
1501,"Ice House Hotel",https://www.icehousehotel.ie,icehousehotel,,,,2025,9,55,,,,Mayo,,F26
1502,"Springfield Hotel Leixlip",https://springfieldhotel.ie/,springfieldhotelleixlip,,,,2025,9,55,,,,Kildare,,"W23 W280"
1503,"The Maritime Hotel",https://www.themaritime.ie/,themaritimehotel,,,,2025,9,55,,,,Cork,,"P75 XW35"
1504,"Buswells Hotel",https://www.buswells.ie/,buswellshotel,,,,2025,9,55,,,,Dublin,,"D02 CT80"
1505,"Druid's Glen",https://www.druidsglenresort.com/,druidsglen,,,,2025,9,55,,,,Wicklow,,A67
1506,"Bellinter House",https://www.bellinterhouse.com/,bellinterhouse,,,,2025,9,55,,,,Meath,,"C15 F2XA"
1507,"Villa Rose Hotel",https://www.villarose.ie/,villarosehotel,,,,2025,9,55,,,409494,Donegal,,F92
1508,"Jackson Hotel",https://www.jacksonshotel.ie/,jacksonhotel,,,,2025,9,55,,,,Donegal,,F93
1509,"Anner Hotel",https://www.annerhotel.ie/,annerhotel,,,,2025,9,55,,,609787,Dublin,,D02
1510,"Dinn Ri Hotel",https://dinnri.com/,dinnrihotel,,,,2025,9,55,,,,Carlow,,"R93 TW86"
1511,"Mespil Hotel",https://www.mespilhotel.com/,mespilhotel,,,,2025,9,55,,,190084,Dublin,,D15
1512,"Bennett Construction",https://bennettconstruction.ie/,bennettconstruction,,,,2025,6,41,,,253920,Dublin,,D02
1513,Avolon,https://www.avolon.aero/,avolon,,,,2024,12,64,,,733199,Cork,,T12
1514,Barnardos,https://www.barnardos.ie/,barnardos,,info@barnardos.ie,,2022,18,88,,,141526,Dublin,678,D08DT63
1515,"BCD MascoGroup",https://www.bcd.ie/,bcdmascogroup,,,,2024,3,28,,,719274,Cork,,T12
1516,BCMGlobal,https://www.bcmglobal.com/,bcmglobal,,,,2022,12,66,,,315348,Tipperary,,E34
1517,"Anord Mardix",https://anordmardix.com/,anordmardix,,hr.ie@anordmardix.com,,2022,3,27,,,30785,Dublin,,D02
1518,"Irish Express Cargo",https://flex.com/,irishexpresscargo,,,,2024,8,52,727,,37342,Wicklow,,A63
1519,"Atlantic Aviation Group Hangar 1",https://www.atlanticaviation.ie/,atlanticaviationgrouphangar1,,info@atlanticaviation.ie,,2023,8,52,1519,,279376,Donegal,,F92
1520,"Atlantic Aviation Group Hangar 2",https://www.atlanticaviation.ie/,atlanticaviationgrouphangar2,,info@atlanticaviation.ie,,2023,8,52,1519,,279376,Donegal,,F92
1522,"Boulder Media",https://bouldermedia.tv/,bouldermedia,,,,2024,10,59,,,330805,Dublin,,D02
1523,"Bright Software",https://brightsg.com/,brightsoftware,,,,2024,11,62,,,714546,Dublin,,D03
1524,Orsted,https://orsted.ie/,orsted,,,,2025,4,35,,,455826,Cork,,T12
1525,"GEM Construction",https://gemconstruction.ie/,gemconstruction,,,,2025,6,41,,,751520,Longford,,N39
1526,Arlo,https://www.arlo.com/,arlo,,,,2025,15,80,,,619037,Cork,93,T12EF21
1527,"Women's Aid",https://www.womensaid.ie/,womensaid,,,,2025,20,94,,,58035,Wexford,,Y35
1528,"Retail inMotion",https://www.retailinmotion.com/,retailinmotion,,,,2024,7,47,,,,Dublin,,"D18 DH50"
1529,"An Cosán",https://www.ancosan.ie/,ancosan,,,,2025,17,85,,,131383,Dublin,,D02
1530,"Stella Cinema",https://www.stellacinemas.ie/,stellacinema,,,,2025,10,59,,,,Dublin,,D02
1531,SoftCo,https://softco.com/,softco,,,,2025,11,62,,,323118,Waterford,,X91
1532,"Newpark Hotel Kilkenny",https://www.newparkhotelkilkenny.com/,newparkhotelkilkenny,,,,2025,9,55,,,23577,Carlow,,R93
1533,"CHEP Irish Branch",https://www.chep.com/,chepirishbranch,,,,2025,15,77,,,906784,Dublin,,D11
1534,"Irish Hospice Foundation",https://hospicefoundation.ie/,irishhospicefoundation,,,,2025,18,88,,,114617,Carlow,,R93
1535,FIRE1,https://fire1foundry.com/,fire1,,,,2025,3,32,,,,Dublin,,D11
1536,"Irish National Teacher's Organisation",https://www.into.ie/,into,INTO,generalinfo@into.ie,,2025,20,94,,,,Dublin,,D01
1537,"Fire Steakhouse & Bar",https://www.firesteakhouse.ie/,firesteakhousebar,,,,2025,9,56,,,,Dublin,,D02
1538,"Irish National Stud ",https://irishnationalstud.ie/,irishnationalstud,,,,2025,19,91,,,,Kildare,316,R51F973
1539,"Gill Education",https://www.gilleducation.ie/,gilleducation,,,,2025,10,58,,,,Dublin,,"D12 YV96"
1540,"Gino's Gelato",https://ginosgelato.com/,ginosgelato,"Gino's Italian Ice Cream",,,2025,9,56,1540,,,Wicklow,,A63
1541,"Jack and Jill Children's Foundation",https://www.jackandjill.ie/,jackandjillchildrensfoundation,,,,2025,18,87,,,,Kildare,,W91
1542,"Whites of Wexford",https://www.whitesofwexford.com/,whitesofwexford,,,,2025,9,55,,,,Wexford,,Y35
1543,"Clearstream Fund Services",https://www.clearstream.com/,clearstreamfundservices,,,,2025,12,66,,,510977,Dublin,,"D09 HR96"
1544,OpenText,https://www.opentext.com/,opentext,,publicrelations@opentext.com,,2024,11,63,,,,Cork,,"T12 E956"
1545,"CAE Parc Aviation",https://www.cae.com/civil-aviation/locations/cae-dublin/,caeparcaviation,,,,2024,8,52,,,,Dublin,,D17
1546,"CDB Aviation",https://www.cdbaviation.aero/,cdbaviation,,,,2025,15,77,,,638308,Limerick,,"V42 F982"
1547,"Clancy Construction",https://clancy.ie/,clancyconstruction,,,,2024,6,41,,,,Dublin,,"D18 CV48"
1548,"3D Personnel",https://www.3dpersonnel.com/,3dpersonnel,,,,2022,15,78,,,441121,Dublin,,D09
1549,"MMD Construction",https://www.mmd.ie/wp-content/uploads/2025/11/Gender-Pay-Report-2024.pdf,mmdconstruction,,info@mmd.ie,,2024,6,41,,,491529,Cork,,T12
1550,"CNP Santander",https://www.cnpsantander.com/,cnpsantander,,,,2025,12,65,,,488064,Cork,,P72XN56
1551,"HCLTech Information Systems",https://www.hcltech.com/,hcltechinformationsystems,,,,2025,11,63,,,,Dublin,,"D01 K2C5"
1552,Capitalflow,https://capitalflow.ie/,capitalflow,,,,2025,12,64,,,568641,Dublin,,D09
1553,"Genesis Aircraft Services",https://www.genesis.aero/,genesisaircraftservices,,,,2025,8,52,,,545764,Dublin,,D02
1554,"Kerlogue Nursing Home",https://kerloguenursinghome.com/,kerloguenursinghome,,,,2025,18,87,,,,Wexford,,Y35
1555,"Oracle Sovereign",https://www.oracle.com/,oraclesovereign,,,,2025,11,63,630,,718679,Dublin,,D03
1556,"Cantwell Electrical Engineering",https://cantwell.ie/,cantwellelectricalengineering,,,,2025,6,43,,,81030,Dublin,,D02
1557,"Ireland West Airport",https://www.irelandwestairport.com/,irelandwestairport,,info@irelandwestairport.com,,2024,8,51,,,,Mayo,,F12
1558,"VetPartners Ireland",https://www.vetpartners.ie/,vetpartnersireland,,,,2025,14,75,,,703229,Dublin,,D02
1559,"Ray Whelan Waste Management",https://www.raywhelan.ie/,raywhelanwastemanagement,,,,2025,5,38,,,,Carlow,,R93
1560,"Maratime Area Regulatory Authority",https://www.maritimeregulator.ie/,maratimearearegulatoryauthority,,,,2025,16,84,,,,Wexford,,Y35
1561,"Apple Operations Ltd.",https://www.apple.com/ie/,appleoperationsltd,,,,2025,11,62,30,,492405,Cork,,T12
1562,"Aramark Property Services",https://www.aramark.ie/,aramarkpropertyservices,,,,2025,15,81,37,,12850,Carlow,,R93
1563,"Viatel Ireland",https://www.viatel.com/,viatelireland,,,,2025,11,61,829,,327562,Dublin,,D12
1564,Digiweb,https://www.viatel.com/,digiweb,,,,2025,11,61,829,,263513,Cork,,T12
1565,"Viatel Technology Ltd",https://www.viatel.com/,viateltechnologyltd,,,,2025,11,61,829,,401611,Limerick,,V94
1566,"WSP Ireland",https://www.wsp.com/,wspireland,,,,2025,14,71,,,302231,Clare,,V95
1567,DNG,https://www.dng.ie/,dng,,,,2025,13,68,,,384764,Dublin,,D06
1568,Lisney,https://lisney.com/,lisney,,,,2025,13,68,,,352391,Dublin,,D02
1569,"Knight Frank",https://www.knightfrank.ie/,knightfrank,,,,2025,13,68,,,,Dublin,,D02
1570,"2K Games",https://2k.com/,2kgames,,,,2025,10,58,,,540030,Dublin,,D04
1571,Macquarie,https://www.macquarie.com/,macquarie,,,,2025,12,66,,,905963,Dublin,,D04
1572,"Progress Software",https://www.progress.com/,progresssoftware,,,,2025,11,62,,,487472,Limerick,,V94
1573,Halfords,https://www.halfordscompany.com/,halfords,,,,2022,7,47,,,392816,Dublin,,"D24 XR83"
1574,Pandora,https://pandoragroup.com/,pandora,,,,2024,7,47,,,,Dublin,,"D02 KP49"
1575,"Moroney Electrical Contractors",https://www.moroneyelectrical.ie/wp-content/uploads/2025/11/Moroney-Electrical-Gender-Pay-Gap-Report.pdf,moroneyelectricalcontractors,,,,2025,6,43,,,248406,Wexford,,Y35
1576,"Forcepoint Ireland",https://www.forcepoint.com/,forcepointireland,,,,2025,11,62,,,355626,Carlow,,"R93 YH95"
1577,"Office of the Ombudsman",https://ombudsman.ie/,officeoftheombudsman,,,,2025,16,84,,,,Dublin,,"D02 W773"
1578,Trócaire,https://www.trocaire.org/,trocaire,,,,2024,18,88,,,661147,Kildare,,W23
1579,"Injuries Resolution Board",https://www.injuries.ie/,injuriesresolutionboard,,,,2025,16,84,,,,Dublin,328,D24PXW0
1580,"Newcourt Retirement Fund Managers",https://nrfm.ie/,newcourtretirementfundmanagers,,,,2025,12,65,,,395396,Dublin,,D07
1581,"Strategic Placement Group",https://strategicplacement.ie/,strategicplacementgroup,,,,2025,15,78,,,676588,Dublin,,D02
1582,"Harris Group",https://harrisgroup.ie/,harrisgroup,,,,2025,7,47,,,,Dublin,,"D12 V065"
1583,"Dell Bank",https://www.delltechnologies.com/,dellbank,,,,2025,12,64,115,,502362,Dublin,,D18
1584,DeCare,https://decare.ie/,decare,,,,2025,12,65,,,313934,Cork,,T12
1585,CubeMatch,https://cubematch.com/,cubematch,,,,2025,14,70,,,483009,Dublin,,D18
1586,"Irish Pharmacy Union - Butterfield House",https://ipu.ie/,irishpharmacyunionbutterfieldhouse,,,,2025,20,94,1586,,,Dublin,,"D14 E126"
1587,"Irish Pharmacy Union - Professional Academy",https://ipuacademy.ie/,irishpharmacyunionprofessionalacademy,,,,2025,17,85,1586,,,Dublin,,"D14 E126"
1588,"Onnec Ireland",https://www.onnecgroup.com/,onnecireland,,,,2025,11,63,,,140365,Dublin,,D02
1589,"Enel X",https://www.enelx.com/,enelx,,,,2025,4,35,,,536717,Dublin,,D02
1590,GoTo,https://www.goto.com/,goto,,,,2025,11,62,,,512618,Dublin,,A96KP71
1591,"Howth Castle",https://howthcastle.ie/,howthcastle,,,,2025,19,91,,,,Dublin,,D13
1592,Cafico,https://www.caficointernational.com/,cafico,,,,2025,12,66,,,516970,Dublin,,D02
1593,"ICTS Ireland",https://www.icts.ie/,ictsireland,,,,2023,15,80,,,579600,Meath,,"A82 CT95"
1594,"Gallagher Insurance Brokers",https://www.ajg.ie/,gallagherinsurancebrokers,,,,2025,12,65,,,22380,Wexford,426,Y35RR92
1595,Powercomm,https://www.powercomm.ie/,powercomm,,,,2024,6,42,,,456154,Kildare,,W23
1596,"Rhomberg Sersa Rail Group",https://ireland.rhomberg-sersa.com,rhombergsersarailgroup,,,,2025,6,42,,,643229,Kildare,,W23
1597,"Johnstown Estate",https://thejohnstownestate.com/,johnstownestate,,info@thejohnstownestate.com,,2022,9,55,,,,Meath,,A83
1598,"Irish Heritage Trust",https://irishheritagetrust.ie/,irishheritagetrust,,,,2025,19,91,,,422959,Dublin,,D01
1599,"Sean Stafford & Son",https://staffordbakeries.ie/,seanstaffordson,,,,2025,3,10,734,,66244,Dublin,,D12
1600,"Royal Institute of the Architects of Ireland",https://www.riai.ie/,riai,RIAI,,,2025,20,94,,,,Dublin,,D02
1601,Coinbase,https://www.coinbase.com/,coinbase,,,,2025,12,66,,,630350,Dublin,,D04
1602,"The G Hotel",https://www.theghotel.ie/,theghotel,"Niche Hotels",,,2025,9,55,,,,Galway,,H91
1603,"NYX Hotel",https://www.leonardo-hotels.com/dublin/nyx-hotel-dublin-portobello,nyxhotel,Rockyvale,,,2025,9,55,,,561774,Dublin,,D09
1604,"PennEngineering Portfolio",https://www.pemnet.com/eu/,pennengineeringportfolio,,,,2022,3,25,,,,Galway,,"H91 AHW0"
1605,"GP Payments Acquiring International GmbH",https://www.globalpayments.com/,gppaymentsacquiringinternationalgmbh,,,,2025,12,64,,,907681,Dublin,,D02
1606,"Fitzgerald Power",https://fitzgeraldpower.ie/,fitzgeraldpower,,,,2025,14,69,,,785870,Waterford,505,X91K2WV
1607,Enva,https://enva.com,enva,,,,2024,5,36,,,317186,Kilkenny,,R95
1608,Xocean,https://xocean.com/,xocean,,,,2025,11,63,,,599121,Louth,,A92
1609,"Körber Pharma Software",https://www.koerber-pharma.com/en/,krberpharmasoftware,,,,2025,3,28,,,909428,Dublin,,D02
1610,"Higher Education Authority",https://hea.ie/,highereducationauthority,,,,2025,16,84,,,,Dublin,,D04
1611,"3Olympia Theatre",https://www.3olympia.ie/,3olympiatheatre,,info@3olympia.ie,,2025,19,90,,,348378,Dublin,,"A96 T860"
1612,"Kinsale Hotel & Spa",https://www.kinsalehotelandspa.ie/,kinsalehotelspa,,,,2025,9,55,,,,Cork,,P17
1613,"Ballymaloe Foods",https://ballymaloefoods.ie/,ballymaloefoods,,,,2025,3,10,,,228216,Cork,88,T45YF62
1614,"Independent Irish Health Foods",https://iihealthfoods.com/,independentirishhealthfoods,,,,2025,7,46,,,453814,Cork,,T12
1615,"Oakpark Foods",https://oakparkfoods.ie/,oakparkfoods,,,,2024,3,10,,,116358,Kildare,,W23
1616,"Sumitomo Mitsui Trust",https://www.sumitrustgas.com/,sumitomomitsuitrust,,,,2024,12,64,,,149545,Wicklow,,A63
1617,"Cinders Shoe Heaven",https://cinders.ie/,cindersshoeheaven,,,,2025,7,47,,,166850,Waterford,,X91
1618,"Culligan Water Ireland",https://www.culligan.ie/,culliganwaterireland,,,,2025,7,46,,,174027,Dublin,125,D02DK18
1619,Equifax,https://www.equifax.com/,equifax,,,,2025,12,64,,,569745,Dublin,,D18CH52
1620,"Hevac Group",https://www.hevac.ie/,hevacgroup,,,,2025,3,33,,,,Cork,,T12
1621,"KSN Energy",https://www.ksn.ie/,ksnenergy,,,,2025,4,35,1621,,579991,Dublin,,D04
1622,"Woodford Dolmen Hotel",https://www.woodforddolmenhotel.ie/,woodforddolmenhotel,,,,2025,9,55,,,523120,Carlow,611,R93N207
1623,Portakabin,https://www.portakabin.com/,portakabin,,,,2025,6,41,,,212248,Wicklow,,A63
1624,"Perigord Group",https://perigordgroup.ie/,perigordgroup,,,,2025,14,74,1624,,391589,Dublin,,D15
1625,"Fieldfisher LLP",https://www.fieldfisher.com/en-ie/locations/ireland,fieldfisherllp,,,,2025,14,69,,,,Dublin,,"D04 W2F1"
1626,"Activ8 Solar Energies",https://www.activ8energies.com/,activ8solarenergies,,,,2024,6,43,,,764591,Monaghan,,H18
1627,"KarePlus (Wexford & South East)",https://kareplus.ie/,karepluswexfordsoutheast,,,,2025,18,88,,,,Wexford,,Y35
1628,"Gym + Coffee",https://gympluscoffee.com/,gympluscoffee,,,,2025,7,47,,,589733,Dublin,136,D02AK46
1629,"McSwiggans (Palomar)",https://www.mcswiggans.ie/,mcswigganspalomar,,,,2025,9,56,,,98438,Dublin,,D06
1630,"Quinn Downes",https://www.quinndownes.com/,quinndownes,,,,2025,6,43,,,300646,Kildare,,W23
1631,"National Advocacy Service for People with Disabilities",https://www.patientadvocacyservice.ie/wp-content/uploads/2025/11/2025_Nov_NAS_GenderPayGapReport-2.pdf,nationaladvocacyserviceforpeoplewithdisabilities,,,,2025,16,84,,,535779,Dublin,,D08
1632,"Crown Quarter",https://www.crownquarter.com/,crownquarter,,,,2025,9,55,,,,Wexford,,Y35
1633,"Dublin Street Parking Services",https://dsps.ie/,dublinstreetparkingservices,,,,2025,8,52,,,393009,Dublin,,D01
1634,"Avonmore Electrical",https://www.avonmore-electrical.com/,avonmoreelectrical,,,,2025,3,33,,,326561,Cork,456,P51R206
1635,Combilift,https://combilift.com/,combilift,,,,2022,3,28,,,280018,Kerry,,V92
1636,Mulrines,https://www.mulrines.ie/,mulrines,,,,2025,3,11,,,149069,Dublin,,D01
1637,Viotas,https://viotas.com/,viotas,,,,2025,11,62,,,752479,Limerick,,V94
1638,Shutterstock,https://www.shutterstock.com/,shutterstock,,,,2025,14,74,,,613449,Dublin,,D04
1639,Instantor,https://www.instantor.ie/,instantor,,,,2025,7,46,,,761141,Dublin,,D09
1640,Sandvik,https://www.home.sandvik/,sandvik,,,,2024,3,28,,,354158,Dublin,,"D02 VR66"
1641,"Abbey Capital",https://www.abbeycapital.com/,abbeycapital,,,,2025,12,64,,,327102,Dublin,,"D02 VR66"
1642,"Foot Locker",https://www.footlocker.ie/,footlocker,,,,2025,7,47,,,391370,Dublin,,D01
1643,"CFM Group",https://cfmgroup.ie/,cfmgroup,,,,2025,12,65,,,903480,Dublin,447,D6WCF54
1644,SEI,https://www.seic.com/,sei,,,,2022,12,66,,,,Dublin,,"D02 X9Y6"
1645,"Royal London Insurance",https://www.royallondon.ie/,royallondoninsurance,,,,2024,12,65,,,630146,Dublin,,D02
1646,"Java Republic",https://www.javarepublic.com/,javarepublic,,,,2025,7,46,,,292407,Dublin,,D15
1647,"Onetouch Health",https://www.onetouchhealth.net/,onetouchhealth,,,,2025,11,62,,,,Galway,,"H91 XDC2"
1648,"Ballymore Properties",https://www.ballymoregroup.com/,ballymoreproperties,,,,2025,6,41,,,332957,Dublin,,D15
1649,"International Aerospace Coatings",https://iac.aero/,internationalaerospacecoatings,,,,2025,3,20,1474,,480686,Clare,,V95
1650,"Eirtech Aviation Services",https://www.eirtechaviation.ie/,eirtechaviationservices,,,,2025,8,52,1474,,359739,Clare,,V95
1651,"Shaws Department Stores",https://shaws.ie/,shawsdepartmentstores,,,,2025,7,47,,,663859,Laois,,R32
1652,"Fairstone Ireland",https://www.fairstone.ie/,fairstoneireland,,,,2025,12,64,,,461783,Dublin,,D02
1653,"Kingsbridge Healthcare Group",https://kingsbridgeprivatehospital.com/,kingsbridgehealthcaregroup,,,,2025,18,86,,,562022,Sligo,,F91
1654,"Carraig Donn",https://www.carraigdonn.com/,carraigdonn,,,,2023,7,47,,,91603,Louth,,A92
1655,"Togher Supermarkets",http://ryangroup.ie/,toghersupermarkets,,,,2025,7,47,,,124577,Dublin,,D02
1656,Verve,https://verveliveagency.com/,verve,,,,2025,14,73,,,299828,Dublin,,D15
1657,"Staunton Foods",https://stauntonfoods.ie/,stauntonfoods,,,,2025,3,10,,,226927,Wexford,,Y35
1658,"The Culinary Food Group",https://www.theculinaryfoodgroup.com/,theculinaryfoodgroup,,,,2024,3,10,,,,Kildare,,W91
1659,Petstop,https://www.petstop.ie/,petstop,,,,2024,7,47,,,379759,Dublin,,D15
1660,Blenders,https://blenders.ie/,blenders,,,,2024,3,10,,,143984,Dublin,,D06
1661,"James Whelan Butchers",https://www.jameswhelanbutchers.com/,jameswhelanbutchers,,,,2024,7,47,,,,Kildare,,W91
1662,"Goulding Soil Nutrition",https://www.gouldings.ie/,gouldingsoilnutrition,,,,2025,3,20,,,1418,Dublin,,D02
1663,"Odaios Foods",https://www.odaios-foods.com/,odaiosfoods,"J.E. O’Brien and Sons",,,2025,7,46,,,196933,Dublin,,D18
1664,CCSL,https://www.ccsl.ie/,ccsl,,,,2024,9,56,,,173128,Dublin,,D02
1665,Mallon,https://www.mallontechnology.com/,mallon,,,,2025,11,62,,,,Dublin,642,D02XH98
1666,"Engineers Ireland",https://www.engineersireland.ie/,engineersireland,,,,2025,20,94,,,,Donegal,,F94
1667,BMD,https://www.bmd.ie/,bmd,,,,2024,14,71,,,537626,Dublin,,D02
1668,"Egis Engineering",https://www.egis-group.com/,egisengineering,,,,2025,14,71,,,121649,Cavan,,H12
1669,GMC,https://gmcirl.com/,gmc,,,,2025,6,42,,,,Dublin,,D11
1670,"Sam Dennigan & Co",https://samdennigan.ie/,samdennigan,,,,2022,7,46,,,60666,Meath,,C15
1671,"Special Olympics",https://www.specialolympics.ie/,specialolympics,,,,2025,20,94,,,228545,Dublin,,D02
1672,"National Cancer Registry Ireland",https://www.ncri.ie/,nationalcancerregistryireland,,,,2025,16,84,,,,Cork,,T12
1673,Udemy,https://www.udemy.com/,udemy,,,,2025,17,85,,,547804,Dublin,,D02
1674,"ESRI Ireland",https://www.esri-ireland.ie/,esriireland,,,,2025,11,63,,,,Donegal,,F94
1675,Origina,https://www.origina.com/,origina,,,,2025,11,62,,,364932,Dublin,,D18
1676,ERS,https://ersl.ie/,ers,,,,2025,11,62,,,358857,Dublin,,D01
1677,"Horse Sport Ireland",https://www.horsesportireland.ie/,horsesportireland,,,,2025,1,1,,,432092,Kildare,,W23
1678,"Kerry Airport",https://kerryairport.ie/,kerryairport,,,,2025,8,51,,,26871,Cork,,T12
1679,"Townlink Construction",https://www.townlink.ie/wp-content/uploads/Gender-Pay-Gap-Report.pdf,townlinkconstruction,,,,2025,6,41,,,174203,Cork,,P25FW92
1680,"Tritech Engineering",https://tritech.ie/,tritechengineering,,,,2025,6,41,1680,,310747,Donegal,,F92
1681,"Tritech Electrical",https://tritech.ie/,tritechelectrical,,,,2025,6,41,1680,,456483,Dublin,,D22
1682,"Good Counsel College",https://goodcounselcollege.ie/,goodcounselcollege,,,,2025,17,85,,,,Wexford,648,Y34R297
1683,"Murdock Builders Merchants",https://murdockbuildersmerchants.com/,murdockbuildersmerchants,,,,2025,7,46,,,368116,Dublin,,D02
1684,"Bakers + Baristas",https://www.bakersbaristas.com/,bakersbaristas,,,,2025,9,56,,,297674,Wicklow,,A63
1685,"Brooks Timber & Building Supplies",https://brooksonline.ie/,brookstimberbuildingsupplies,,,,2025,7,46,,,509131,Dublin,,D12
1686,"Life Insurance Association",https://www.lia.ie/,lifeinsuranceassociation,,,,2025,17,85,,,205360,Cork,,T12
1687,"Dublin Cemeteries Trust",https://www.dctrust.ie/,dublincemeteriestrust,,,,2025,20,96,,,,Dublin,,D02
1688,"Synergy Security Solutions",https://www.synergy365.ie/,synergysecuritysolutions,,,,2025,15,80,,,454413,Dublin,,D12
1689,"MCR Group",https://www.mcrgroup.ie/,mcrgroup,,,,2023,15,81,,,,Dublin,,D07
1690,"Evolution Electronic Security Systems",https://evolutionsecurity.com/,evolutionelectronicsecuritysystems,,,,2025,15,80,,,517324,Dublin,,D02
1691,"Revolut Bank",https://www.revolut.com/,revolutbank,,,,2025,12,64,,,909790,Dublin,,D01
1692,Avidity,https://www.weareavidity.com/,avidity,,,,2025,14,73,,,753920,Dublin,,D01
1693,HomeSecure,https://www.homesecure.ie/,homesecure,,,,2025,15,80,,,419113,Dublin,,D16
1694,"Morgan McKinley",https://www.morganmckinley.com/ie,morganmckinley,,,,2022,15,78,,,,Cork,,T23
1695,"Ipsen Manufacturing",https://www.ipsen.com/uk-ireland/,ipsenmanufacturing,,,,2024,3,21,,,140251,Dublin,,D22
1696,Enercon,https://www.enercon.de/en,enercon,,,,2025,3,28,,,907642,Dublin,,D09
1697,"Circle Housing",https://circlevha.ie/,circlehousing,,,,2025,15,77,,,,Dublin,,D02
1698,"Spectate Ltd",https://www.evokeplc.com/,spectateltd,"Evoke PLC",,,2025,19,92,,,644288,Dublin,415,D18X2P7
1699,Camfil,https://www.camfil.com/,camfil,,,,2025,3,32,,,86697,Dublin,615,D09A2H1
1700,"Reed Specialist REcruitment",https://www.reedglobal.ie/,reedspecialistrecruitment,,,,2025,15,78,,,269016,Wexford,,Y35
1701,"Lambert Smith Hampton",https://www.lsh.ie/,lambertsmithhampton,,,,2024,13,68,,,,Dublin,,"D02 A668"
1702,"Ralvale Ltd",https://www.thebuckleycollection.ie/,ralvaleltd,,,,2025,9,56,,,374764,Dublin,,D02
1703,"Stewarts Care",https://www.stewartscare.ie/,stewartscare,,,,2022,18,87,,,296282,Dublin,,D07
1704,"SS&C Wealth & Insurance",https://www.ssctech.com/,sscwealthinsurance,,,,2023,12,65,1704,,307152,Dublin,,D02
1705,"SS&C Financial Services",https://www.ssctech.com/,sscfinancialservices,,,,2025,12,64,1704,,439950,Dublin,,D01
1706,"Waters Technologies",https://www.waters.com/nextgen/ie/en.html,waterstechnologies,,,,2022,3,28,,,268908,Dublin,,D22
1707,Vitalograph,https://vitalograph.com/,vitalograph,,,,2023,3,32,,,48600,Monaghan,,H18
1708,Grifols,https://www.grifols.com/,grifols,,,,2022,3,21,,,519799,Dublin,,D22
1709,"City Wonders",https://citywonders.com/,citywonders,,,,2025,15,79,,,426218,Dublin,565,D02EY47
1710,Cityswift,https://www.cityswift.com/,cityswift,,,,2025,8,49,,,,Galway,,"H91 HE9E"
1711,"Coffey Group",https://www.coffeygroup.com/,coffey,,,,2025,6,42,,,382121,Galway,,H91
1712,"Commissioners of Irish Lights",https://www.irishlights.ie/,commissionersofirishlights,,,,2025,16,84,,,,Dublin,,"A96 H500"
1713,"Compass Informatics",https://compass.ie/,compassinformatics,,,,2025,11,63,,,263347,Dublin,,D02
1714,CoolPlanet,https://www.coolplanet.io,coolplanet,,,,2025,14,70,,,,Wicklow,149,A98W0D0
1715,"Croom Medical",https://croommedical.com/,croommedical,,,,2025,3,32,,,,Limerick,649,v35yd39
1716,Crosscare,https://crosscare.ie/,crosscare,,,,2025,18,87,,,35153,Dublin,,D10
1717,Cubic3,https://www.cubic3.com/,cubic3,,,,2024,11,62,,,,Dublin,,"D18 Y2C9"
1718,"Caceis Bank Ireland Branch",https://www.caceis.com/,caceisbank,,,,2024,12,64,1718,,904970,Dublin,,D02
1719,"Caceis Ireland",https://www.caceis.com/,caceisireland,,,,2025,12,64,1718,,327980,Dublin,,D02
1720,Chime,https://www.chime.ie/,chime,,,,2025,18,88,,,21627,Dublin,,D14
1721,"Dillon Eustace",https://www.dilloneustace.com/,dilloneustace,,,,2025,14,69,,,,Dublin,,"D02 XK09"
1722,Ding,https://www.ding.com/,ding,,,,2025,12,64,,,,Dublin,,"D04 C2Y6"
1723,Distilled,https://www.distilled.ie/,distilled,,,,2025,14,73,,,564029,Dublin,,D08
1724,"Dromone Engineering",https://dromone.com/,dromoneengineering,,,,2025,3,28,,,62756,Dublin,,D04
1725,"ElectroRoute Market Access",https://electroroute.com/,electroroutemarketaccess,,,,2025,12,64,,,497189,Donegal,,F92
1726,"Speed Fibre Group",https://www.speedfibregroup.ie/,speedfibregroup,,,,2025,11,61,,,531995,Dublin,,D14
1727,"Engine Lease Finance",https://elfc.com/,engineleasefinance,,,,2025,12,64,,,426923,Dublin,,D02
1728,"Exertis Ireland",https://www.exertis.ie/,exertisireland,,,,2024,7,46,,,73204,Kildare,,W23
1729,"Fideuram Asset Management ",https://www.fideuramassetmanagement.ie/,fideuramassetmanagement,,,,2025,12,64,,,349135,Dublin,,D01
1730,"Fineco Asset Management",https://finecoassetmanagement.com/,finecoassetmanagement,,,,2025,12,64,,,614136,,,
1731,"Flair Showers",https://flairshowers.com/,flairshowers,,,,2025,7,46,,,513891,Dublin,,D09
1732,Flipdish,https://www.flipdish.com/,flipdish,,,,2025,11,62,,,555703,Dublin,,D18
1733,"Clanard Court Hotel",https://www.clanardcourt.ie/,clanardcourthotel,,,,2025,9,55,,,,Kildare,,R14
1734,"Ntron Gas Measurement",https://ntron.com/,ntrongasmeasurement,,,,2025,3,28,,,135480,Dublin,,D02
1735,"Glenilen Farm",https://glenilenfarm.com/,glenilenfarm,,,,2025,3,10,,,413478,Cork,,T12
1736,"Castle Electrical Factors",https://www.cefltd.ie/,castleelectricalfactors,,,,2025,7,46,,,,Dublin,,D11
1737,Seetec,https://seetec.ie/,seetec,,,,2025,14,74,,,,Dublin,,D02
1738,"Manor Farm",https://chicken.ie/,manorfarm,,,,2025,3,10,,,,Cavan,,H12
1739,"The Donkey Sanctuary",https://www.thedonkeysanctuary.ie/,thedonkeysanctuary,,,,2025,20,94,,,,Cork,,"P51 PH29"
1740,"Grove Farm",https://www.grove.ie/,grovefarm,,,,2024,3,10,,,,Monaghan,,"H18 AR26"
1741,"Gowan Group",https://www.gowangroup.ie/,gowangroup,,,,2025,7,47,,,,Dublin,,D06
1742,"Wogan Build Centre",https://www.wogans.ie/,woganbuildcentre,,,,2025,7,46,,,439371,Louth,467,A92T20W
1743,"Doran Motors",https://www.doranmotors.ie/,doranmotors,,,,2025,7,47,,,720471,Monaghan,,H18
1744,"Kearys Motor Group",https://www.kearys.ie/,kearysmotorgroup,,,,2025,7,47,,,,Limerick,,V94
1745,"Johnson & Perrott Motor Group",https://www.jpmg.ie/,johnsonperrottmotorgroup,,,,2024,7,47,,,,Cork,,T12
1746,"O'Reilly Precast",https://oreillyprecast.com/,oreillyprecast,,,,2024,3,23,,,,Meath,,A82
1747,"Bluegate Car Store",https://www.bluegatecarstore.ie/,bluegatecarstore,,,,2025,7,47,1390,,,Dublin,,"D22 XY07"
1748,"Pat O'Donnell & Co",https://www.patodonnell.com/,patodonnellco,,,,2025,7,46,,,,Dublin,,"D20 YH76"
1749,"Treat Café",https://treatcafe.ie/,treatcaf,,,,2025,9,56,,,,Galway,,"H91 CC85"
1750,"The Lisdoo Bar & Restaurant",https://www.thelisdoo.com/,thelisdoobarrestaurant,,,,2025,9,56,,,,Louth,,A91
1751,"The Stapleton",https://thestapleton.ie/,thestapleton,"Miniasil Limited",,,2025,9,56,,,,Dublin,,D02
1752,"Five Guys",https://www.fiveguys.ie/,fiveguys,"Anart Restaurants",,,2025,9,56,,,,Dublin,,"D01 R2P9"
1753,"Golf Ireland",https://www.golfireland.ie/,golfireland,,,,2025,19,93,,,,Kildare,,"W23 TD98"
1754,Alltrans,https://www.alltrans.ie,alltrans,"Carousel Ireland",,,2025,8,49,,,469392,Cork,,T12
1755,"Gist Distribution",https://www.gistworld.com/,gistdistribution,,,,2025,8,49,263,,,Dublin,,"D17 FV58"
1756,FoodCloud,https://food.cloud/,foodcloud,,,,2025,18,88,,,,Dublin,,D24
1757,"Byrne Wallace Shields",https://byrnewallaceshields.com/,byrnewallaceshields,,,,2024,14,69,,,,Dublin,,"D02 DK18"
1758,"Extern Ireland",https://www.extern.org,externireland,,,,2024,18,88,,,,Kildare,,"W91 YWX3"
1759,"Gaffney Mechanical Engineering",https://www.gaffneymechanical.ie/,gaffneymechanicalengineering,,,,2024,6,43,,,,Dublin,,D15
1760,"Daktronics Ireland",https://www.daktronics.com/,daktronicsireland,,,,2025,3,27,,,68326,Dublin,,D22X8X8
1761,"Gavin & Doherty Geosolutions",https://www.gdgeo.com/,gavindohertygeosolutions,GDG,,,2025,14,71,,,,Dublin,,"D14 X627"
1762,"Irish Nurses & Midwives Organisation",https://www.inmo.ie/,irishnursesmidwivesorganisation,INMO,,,2025,20,94,,,,Dublin,,"D07 NP8H"
1763,"Your World Healthcare",https://www.yourworld.com/ie,yourworldhealthcare,,,,2025,15,78,,,,Dublin,,"K36 CX99"
1764,"Cardinal Health Manufacturing",https://www.cardinalhealth.com/en.html,cardinalhealthmanufacturing,,,,2023,3,21,,,,Offaly,,"R35 H903"
1765,Accord,https://www.accord.ie/,accord,,,,2025,18,88,,,,Kildare,,"W23 P6D3"
1766,"Access Healthcare",https://accesshealthcare.ie/,accesshealthcare,,,,2025,15,78,,,,Dublin,,"D02 V960"
1767,"Buckley's Supermarkets",https://buckleysgroup.ie/,buckleyssupermarkets,SuperValu,,,2024,7,47,,,,Dublin,,"D04 C2N4"
1768,Jysk,https://jysk.ie/,jysk,,,,2025,7,47,,,,Dublin,,"D12 XC80"
1769,"Marco Beverage Systems",https://marcobeveragesystems.com/,marcobeveragesystems,,,,2025,3,28,,,,Dublin,,"D18 H9V6"
1770,"Jump Zone",https://jumpzone.ie/,jumpzone,,,,2025,19,93,,,,Dublin,,"D18 XE70"
1771,Payzone,https://www.payzone.ie/,payzone,,,,2025,14,74,,,,Dublin,,"D18 PD83"
1772,Bizquip,https://bizquip.ie/,bizquip,,,,2025,7,46,,,,Dublin,602,D18K5Y9
1773,"United Hardware",https://unitedhardware.ie/,unitedhardware,,,,2025,7,46,,,,Dublin,,"D24 KX97"
1774,"Zeus Packaging",https://www.zeuspackaging.com/ie/,zeuspackaging,,,,2025,3,17,,,,Dublin,,"D24 TD23"
1775,"Celtic Linen",https://www.johnsonsireland.ie/,celticlinen,"Johnsons Ireland",,,2022,20,96,1775,,,Wexford,187,Y35Y20F
1776,"Millbrook Linen",https://www.johnsonsireland.ie/,millbrooklinen,,,,2025,20,96,1775,,,Kildare,470,W91KXRO
1777,"Petrochem Group",https://www.petrochem.ie/,petrochemgroup,,,,2025,7,46,,,,Meath,,"A86 R596"
1778,AMS,https://www.ams.ie/,ams,"Architectural & Metal Systems",,,2023,3,24,,,,Cork,,"T45 VP40"
1779,Occupli,https://occupli.com/,occupli,,,,2025,18,86,,,,Cork,,"T45 DK25"
1780,"Gino's Ice Cream",https://ginosgelato.com/,ginosicecream,,,,2025,9,56,1540,,,,,
1781,Fonua,https://w3.fonua.com/,fonua,,,,2025,7,46,,,,Dublin,,"D18 W2T1"
1782,Petworld,https://petworlddirect.ie/,petworld,,,,2025,7,47,,,,,,
1783,"Dog's Trust",https://www.dogstrust.ie/,dogstrust,,,,2025,20,94,,,,Dublin,,D11
1784,"Griffith College",https://www.griffith.ie/,griffithcollege,,,,2025,17,85,,,,Dublin,,"D08 V04N"
1785,GridBeyond,https://gridbeyond.com,gridbeyond,,,,2025,11,62,,,,Dublin,,"D24 KX6Y"
1786,"Golden Bake",https://www.golden-bake.com/,goldenbake,,,,2025,3,10,,,,Dublin,273,D17CP26
1787,Garwyn,https://davies-group.com/,garwyn,Davies,,,2025,14,66,1787,,,Dublin,318,D12W702
1788,Thornton,https://davies-group.com/,thornton,Davies,,,2025,14,66,1787,,,Dublin,,"D12 W702"
1789,"AIR Shannon",https://industrialrobotics.com,airshannon,"Automated Industrial Robotics ",,,2025,3,28,1789,,,Clare,,"V14 V963"
1790,"Galway Centre for Independent Living",https://gcil.ie/,galwaycentreforindependentliving,,,,2025,18,88,,,,Galway,,"H91 X4VR"
1791,"Kylemore Abbey",https://www.kylemoreabbey.com/,kylemoreabbey,,,,2025,19,91,,,,Galway,,"H91 VR90"
1792,"Noel Group",https://noelgroup.ie/,noelgroup,,,,2025,15,78,,,,Dublin,,"D09 PF99"
1793,"Excel Recruitment",https://www.excelrecruitment.com/,excelrecruitment,,,,2025,15,78,,,,Dublin,,"D07 DH99"
1794,Netwatch,https://netwatchsystem.com,netwatch,,,,2024,15,80,,,,Carlow,,"R93 YD43"
1795,"Schorman Cleaning",https://schormancleaning.ie/,schormancleaning,,,,2025,15,81,,,,Dublin,,"A96 CC81"
1796,"SeaClean Cleaning Solutions",https://www.seaclean.ie/,seacleancleaningsolutions,,,,2025,15,81,,,,Dublin,,"D09 T9W8"
1797,"Munster Leinster Cleaning Services",https://mlcsltd.ie/,munsterleinstercleaningservices,"MLCS Facility Services",,,2022,15,81,,,,Kilkenny,,"R95 F6PF"
1798,"Esker Lodge Nursing Home",https://eskerlodge.ie/,eskerlodgenursinghome,,,,2025,18,87,,,,,,
1799,"Voco The Club",https://www.clubhotel.ie/,vocotheclub,"Waw Hospitality",,,2025,9,55,,,,Dublin,,"D02 NX79"
1800,"Marino Institute of Education",https://www.mie.ie/,marinoinstituteofeducation,,,,2025,17,85,,,,Dublin,,"D09 R232"
1801,"Crystal Air",https://www.crystalair.ie,crystalair,,,,2025,6,43,,,,Kildare,,"W91 VK31"
1802,"Forward Emphasis",https://www.forwardemphasis.ie/,forwardemphasis,,,,2025,15,82,,,,Donegal,,"F93 X682"
1803,"Sanbra Group",https://www.sanbragroup.com,sanbragroup,,,,2025,8,52,,,,Dublin,,"D09 K160"
1804,"Midland Steel Mountmellick",https://midlandsteelreinforcement.com/,midlandsteelmountmellick,,,,2025,3,24,,,,Laois,,"R32 NY77"
1805,"Volkswagen Financial Services",https://www.vwfs.ie/,volkswagenfinancialservices,,,,2025,12,64,,,,Dublin,,"D22 CF60"
1806,"TUI Holidays Ireland",https://www.tuiholidays.ie/,tuiholidaysireland,,,,2025,15,79,1806,,,Dublin,,"D04 K7H2"
1807,"TUI Airways Ireland",https://www.tuiholidays.ie/,tuiairwaysireland,,,,2025,15,79,1806,,,Dublin,,"D04 K7H2"
1808,"Equinix (all legal entities)",https://www.equinix.com/,equinixalllegalentities,,,,2025,11,63,1808,,,Dublin,,"D24 TW13"
1809,"Equinix Ireland Limited",https://www.equinix.com/,equinixirelandlimited,,,,2025,11,63,1808,,,Dublin,,"D24 TW13"
1810,"Equinix Ireland Enterprises Limited",https://www.equinix.com/,equinixirelandenterpriseslimited,,,,2025,11,63,1808,,,Dublin,,"D24 TW13"
1811,TransferMate,https://www.transfermate.com/,transfermate,,,,2025,12,64,,,,Kilkenny,,"R95 ETN5"
1812,"AIR Mullingar",https://industrialrobotics.com/,airmullingar,"Automated Industrial Robotics",,,2025,3,28,1789,,,Westmeath,,N91H725
1813,Apleona,https://apleona.ie/,apleona,,,,2024,15,81,,,,Dublin,,"D14 A6P3"
1814,"KSN Construction Consultants",https://ksn.ie/,ksnconstructionconsultants,,info@ksn.ie,,2025,6,43,1621,,,Dublin,,"D04 V5N"""
1815,Lionbridge,https://www.lionbridge.com/,lionbridge,,info@lionbridgedigital.com,,2025,14,74,,,,Dublin,,"A96 A621"
1816,Taconic,https://taconic-ipd.com/,taconic,,info@taconic-ipd.com,,2025,3,22,,,,Westmeath,,"N91 E1WD"
1817,PartnerRe,,partnerre,,dataprotection@partnerre.com,,2025,12,65,,,,Dublin,,"D01 W3P9"
1818,"Athora Services",https://www.athora.com/,athoraservices,,client.relations.ai@athora.com,,2025,12,66,,,,Dublin,,"D01 R2P9"
1819,"Evergreen Healthfoods",https://evergreen.ie/,evergreenhealthfoods,,info@evergreen.ie,,2025,7,47,,,,Galway,,"H91 VAX8"
1820,"Mondelez Ireland Ltd",https://www.mondelezinternational.com/ireland/,mondelezirelandltd,"MDLZ IE Sales",,,2025,7,46,623,,,Dublin,,"D05 T0H4"
1821,"Mondelez Ireland Production Ltd",https://www.mondelezinternational.com/ireland/,mondelezirelandproductionltd,,,,2025,3,10,623,,,Dublin,,"D05 T0H4"
1822,"Mondelez Europe Services GmbH",https://www.mondelezinternational.com/ireland/,mondelezeuropeservicesgmbh,"MDLZ IE Service Company",,,2025,15,82,623,,,Dublin,,"D05 T0H4"
1823,"Energia Customer Solutions",https://www.energia.ie/home,energiacustomersolutions,,,,2025,4,35,677,,,Dublin,,"D15 YT2H"
1824,"Gensys Power Ltd",https://www.energia.ie/home,gensyspowerltd,,,,2025,4,35,677,,,Dublin,,"D15 YT2H"
1825,"Energia Renewables Development",https://www.energia.ie/home,energiarenewablesdevelopment,,,,2025,4,35,677,,,Dublin,,"D15 YT2H"
1826,"St Patrick's Pontifical University",https://sppu.ie/,stpatrickspontificaluniversity,"St Patrick's College Maynooth",general@spcm.ie,,2025,17,85,,,,Kildare,,"W23 TW77"
1827,"West Pharmaceutical Services Dublin",https://www.westpharma.com,westpharmaceuticalservicesdublin,,ireland.hrdublin@westpharma.com,,2022,3,32,1827,,,Dublin,,"D15 K009"
1828,"West Pharmaceutical Products Waterford",https://www.westpharma.com,westpharmaceuticalproductswaterford,,ireland.hrdublin@westpharma.com,,2022,3,22,1827,,,Waterford,,"X91 R9V6"
1829,"Institute of Public Administration",https://www.ipa.ie/,ipa,,information@ipa.ie,,2025,17,85,,,,Dublin,,"D04 TC62"
1830,MD7,https://www.md7.com/,md7,,info@md7.com,,2025,14,70,,,,Dublin,,"D02 VK44"
1831,"National Treatment Purchase Fund",https://www.ntpf.ie/,ntpf,NTPF,ask@ntpf.ie,,2025,16,84,,,,Dublin,281,D02VX67
1832,Amtivo,https://amtivo.com/,amtivo,,hello@amtivo.com,,2025,14,71,,,,Dublin,,"D12 P8R2"
1833,"Irish Pioneer Works",https://www.ipw.ie/,irishpioneerworks,,info@ipw.ie,,2025,3,25,,,,Cork,,"T12 K7XR"
1834,"Siemens Gamesa",https://www.siemensgamesa.com/global/en/home.html,siemensgamesa,,,,2025,4,35,1344,,,Dublin,285,D11KXN4
1835,"Tyholland Mushrooms",https://www.monaghan.eu/,tyhollandmushrooms,,info@monaghan-mushrooms.com,,2025,1,1,621,,,Monaghan,,"H18 FW95"
1836,TEKsystems,https://www.teksystems.com/en/,teksystems,"Allegis Group",,,2025,15,78,,,,Dublin,,"D18 Y3X2"
1837,"Emerald Airlines",https://www.emeraldairlines.com/,emeraldairlines,,info@emeraldairlines.com,,2022,8,51,,,,Dublin,,"K67 XK66"
1838,"Southern Scientific Services",https://southernscientificireland.com/,southernscientificservices,,info@southernscientificireland.com,,2025,14,71,,,,Kerry,,"V93 E220"
1839,"The Arts Countil",https://artscouncil.ie/,theartscountil,,info@artscouncil.ie,,2025,16,84,,,,Dublin,,"D02 NY52"
1840,"First Citizen Finance",https://www.firstcitizen.ie/,firstcitizenfinance,,info@firstcitizen.ie,,2025,12,64,,,,Dublin,,"D01 C576"
1841,Whoop,https://www.whoop.com/ie/,whoop,,privacy@whoop.com,,2025,11,62,,,,Dublin,,"D02 R296"
1842,"Punch Consulting Engineers",https://punchconsulting.com/,punchconsultingengineers,,limerick@punchconsulting.com,,2025,14,71,,,,Dublin,,"A96 C7W7"
1844,TEKenable,https://tekenable.com/,tekenable,,info@tekenable.ie,,2025,11,62,,,,Dublin,,"D02 DR98"
1846,"The Teaching Council",https://www.teachingcouncil.ie/,theteachingcouncil,,info@teachingcouncil.ie,,2025,16,84,,,,Kildare,489,W23Y7X0
1848,"Independent Trustee Company",https://www.independent-trustee.com/,independenttrusteecompany,ITC,service@itcgroup.ie,,2025,12,66,,,,Dublin,,"D02 VY52"
1850,"Tapped & Lost Lane",https://www.tappeddublin.com/,tappedlostlane,Noyfield,info@tappeddublin.com,,2025,9,55,,,,Dublin,,"D02 RP20"
1852,"IPL Schoeller",https://www.iplschoeller.com/,iplschoeller,"One51 Group Services Ltd",,,2025,3,22,,,,Dublin,,"D02 NY63"
1854,"Amber Oil",https://www.amberoil.ie/,amberoil,,info@amberoil.ie,,2023,7,46,,,,Cork,,"P61 AX03"
1856,"Swan Net Gundry",https://sng.ie/,swannetgundry,SNG,info@sng.ie,,2025,3,13,,,,Donegal,,"F94 VF22"
1858,"Kapp & Peterson",https://www.peterson.ie/,kapppeterson,,info@peterson.ie,,2025,3,16,,,,Dublin,,"A94 HX50"
1859,"Turner & Townsend",https://www.turnerandtownsend.com/,turnertownsend,,ireland@turnerandtownsend.com,,2024,14,71,,,,Dublin,,"D02 VK70"
1860,"Screen Scene",https://screenscene.ie/,screenscene,,info@screenscene.ie,,2025,10,59,,,,Dublin,,"D02 KH60"
1861,"NorDan Vinduer",https://nordan.ie/,nordanvinduer,,info@nordan.ie,,2025,7,46,,,,Dublin,,"D12 DY40"
1862,"Abcon Industrial Products Ltd",https://www.abconireland.com/,abcon-industrial-products,,,,2025,3,0,,,,Cavan,446,H16HY64
1863,"ABM Aviation UK ltd.",https://www.abmireland.com/industries/airports,abm-aviation-uk,,,,2025,20,0,,,,Kildare,407,W23D9WH
1864,"ABM Contractors Ltd",https://abmcontractors.com/,abm-contractors-ltd,,,,2025,6,0,,,,Dublin,197,K67TX95
1865,"Adoption Authority of Ireland",https://aai.gov.ie/en,adoption-authority-of-ireland,,,,2025,16,0,,,,Dublin,551,D04H6F6
1866,"Air Movement Supplies Ltd",https://amsventilation.com/,air-movement-supplies-ltd,,,,2025,3,0,,,,Dublin,432,D24FP95
1867,"Airpacks Limited",https://www.kore-system.com/,airpacks-limited,,,,2025,3,0,,,,Meath,394,A82T291
1868,"A O Gorman and Co Ltd",,a-o-gorman-and-co,,,,2025,7,0,,,,Monaghan,130,A81V389
1869,"Arboretum Garden Centre",https://www.arboretum.ie/,arboretum-garden-centre,,,,2025,7,0,,,,Carlow,591,R93P9F4
1870,"Ardboyne Hotel",https://www.ardboynehotel.com/,ardboyne-hotel,,,,2025,9,0,,,,Meath,293,C15C9YA
1871,"Ard Ri Marble",https://ardrimarble.com/,ard-ri-marble,,,,2025,7,0,,,,Kerry,735,V92EH6E
1872,"Arkil (Civil) Ltd",https://www.arkil.ie/services/civil-engineering/,arkil-civil-ltd,,,,2025,6,0,1874,,,Laois,702,R32DA00
1873,"Arkil (Fantane) Limited",https://www.arkil.ie/,arkil-fantane-limited,,,,2025,6,0,1874,,,Tipperary,501,E41K7K5
1874,"Arkil Ltd",https://www.arkil.ie/services/civil-engineering/,arkil-ltd,,,,2025,2,0,1874,,,Kildare,608,R51YK27
1875,"Ashbourne Holdings LTD",,ashbourne-holdings-ltd,"Old Head of Kinsale Golf Links",,,2025,9,0,,,,Cork,301,P17CX88
1876,"Aspen Grove",https://www.aspengrovesolutions.com/,aspen-grove,,,,2025,11,0,,,,Kerry,605,V92XO16
1877,"AssemblyPoint Limited",,assemblypoint-limited,,,,2025,10,0,,,,Cork,576,T23PPT8
1878,"AS Watson (Health & Beauty Ireland) Limited",,as-watson-health-beauty-ireland-limited,,,,2025,7,0,,,,Dublin,276,D02R296
1879,"Athletics Association Of Ireland",https://www.athleticsireland.ie/,athletics-association-of-ireland,,,,2025,19,0,,,,Dublin,846,D09CX26
1880,"Atlas Copco Ireland Ltd",https://www.atlascopco.com/en-ie,atlas-copco-ireland-ltd,,,,2025,3,0,,,,Dublin,680,D15HR80
1881,"AXIS UK Services Ltd (Irish branch)",,axis-uk-services-ltd-irish-branch,,,,2025,12,0,,,,Dublin,575,D02T3V7
1882,"Ball Beverage Packaging Ireland LTD",,ball-beverage-packaging-ireland-ltd,,,,2025,3,0,,,,Waterford,348,X91V62N
1883,"Ballivor Community Childcare",https://www.crannsupportgroup.ie/giggles/,ballivor-community-childcare,,,,2025,17,0,,,,Meath,245,C15EH67
1884,"B & C Contractors Monaghan Ltd",https://bandccontractors.ie/,b-c-contractors-monaghan-ltd,,,,2025,6,0,,,,Monaghan,269,A81PN28
1885,"Bausch + Lomb Ireland",https://www.bausch.com/about-bausch-lomb/locations/,bausch-lomb-ireland,,,,2025,3,0,,,,Waterford,700,X91V383
1886,"Bellview Clinic Partnership",,bellview-clinic-partnership,,,,2025,20,0,,,,Westmeath,178,N91EK7R
1887,Benning,https://www.benning.de/sbd/IRL/benning-ireland.html,benning,,,,2025,3,0,,,,Wexford,436,Y35F409
1888,"BHA Construction Ltd",https://bhaconstruction.com/,bha-construction-ltd,,,,2025,6,0,,,,Wexford,342,Y21H728
1889,"Bord Iascaigh Mhara",https://bim.ie/,bord-iascaigh-mhara,BIM,,,2025,1,0,,,,Dublin,126,A96A621
1890,"Brooks Retailing Ltd",,brooks-retailing-ltd,,,,2025,7,0,,,,Wexford,627,Y25H404
1891,"BS&B Safety Systems Limited",https://bsbsystems.com/en/,bsb-safety-systems-limited,,,,2025,3,0,,,,Limerick,386,V94N4V2
1892,"BSS Subcontractors",https://www.buildstaff.ie/,bss-subcontractors,,,,2025,6,0,,,,Dublin,322,d08k3kd
1893,"Buttimer Engineering",https://buttimer.com/,buttimer-engineering,,,,2025,6,0,,,,Tipperary,391,E21W240
1894,"Byron Distributors Ltd",,byron-distributors-ltd,,,,2025,7,0,,,,Roscommon,859,F42XV09
1895,"Calgary Trading Co. Limited",,calgary-trading-co-limited,,,,2025,9,0,,,,Waterford,170,X91D622
1897,"Cape Wrath Hotel Unlimited Company",,cape-wrath-hotel,,,,2025,9,0,,,,Dublin,73,D02WR20
1898,"Carroll Joinery Manufacturing",,carroll-joinery-manufacturing,,,,2025,3,0,,,,Kilkenny,340,r95ee70
1899,"Castle Arch Hotel",https://www.castlearchhotel.com/,castle-arch-hotel,,,,2025,9,0,,,,Meath,247,C15WD92
1900,"Celtic Ross Hotel Ltd",https://www.celticrosshotel.com/,celtic-ross-hotel-ltd,,,,2025,9,0,,,,Cork,306,T12X4YW
1901,"Charles River Laboratories Ireland Ltd",,charles-river-laboratories-ireland-ltd,,,,2025,14,0,,,,Mayo,203,F26D786
1902,"Charles River Microbial Solutions",https://www.criver.com/,charles-river-microbial-solutions,,,,2025,14,0,,,,Dublin,204,D24NF21
1903,"Chevron College Ltd",https://chevrontraining.ie/,chevron-college-ltd,,,,2025,17,0,,,,Wexford,315,Y35WKF7
1904,CHM,https://chmltd.ie/,chm,,,,2025,6,0,,,,Dublin,423,D24H9PA
1905,"Clann Mor Residential & Respite CLG",,clann-mor-residential-respite-clg,,,,2024,18,0,,,,Meath,198,C15P7F2
1906,"Clarity Recruitment Ventures LTD",,clarity-recruitment-ventures-ltd,"Clarity Locums",,,2024,20,0,,,,Dublin,381,D02DW94
1907,"CMS Distribution LTD",,cms-distribution-ltd,,,,2025,20,0,,,,Mayo,134,f12td82
1908,"Cobh General Hospital",,cobh-general-hospital,,,,2025,18,0,,,,Cork,682,P24AD85
1909,"Cognex Ireland Limited",,cognex-ireland-limited,,,,2025,3,0,,,,Cork,295,T23YY24
1910,"Collinson Insurance Solutions Europe Limoited",,collinson-insurance-solutions-europe-limoited,,,,2025,12,0,,,,Meath,327,A82E1C6
1911,"Commissioning Agents Ireland Ltd",,commissioning-agents-ireland-ltd,,,,2025,14,0,,,,Dublin,166,K67F256
1912,"CommScope EMEA Limited",,commscope-emea-limited,,,,2025,3,0,,,,Wicklow,323,A98FY03
1913,"Cora Systems Limited",,cora-systems-limited,,,,2025,11,0,,,,Leitrim,205,N41HK23
1914,"Cosmetic Creations Ltd",,cosmetic-creations-ltd,,,,2025,3,0,,,,Mayo,239,F12WT21
1915,"County Kildare Leader Partnership",,county-kildare-leader-partnership,,,,2025,20,0,,,,Kildare,288,R51R588
1916,"Cricket Ireland",,cricket-ireland,,,,2025,19,0,,,,Dublin,286,K36CD70
1917,"Abbeyleix manor Hotel",https://www.abbeyleixmanorhotel.com/,abbeyleix-manor-hotel,"Crimhill Ltd",,,2025,9,0,,,,Laois,97,R32VE24
1918,"Cru Na Greine Ltd",,cru-na-greine-ltd,,,,2025,7,0,,,,Kerry,272,V93H3VP
1919,CSG,https://www.csg.ie/,csg,,,,2025,12,0,,,,Kerry,411,V92P6HC
1920,"Culligan Home Ireland Limited",,culligan-home-ireland-limited,,,,2025,5,0,,,,Dublin,219,D02DK18
1921,"The Castle Hotel",https://www.castle-hotel.ie/,the-castle-hotel,"Dan Gerard Buckley",,,2024,9,0,,,,Cork,243,P12X293
1922,"Daniel Whelan Engineering Works Limited",,daniel-whelan-engineering-works-limited,,,,2025,3,0,,,,Kilkenny,300,R95XN56
1923,"Dawnlough Ltd",https://dawnlough.com/,dawnlough-ltd,,,,2025,3,0,,,,Galway,188,H91YPN7
1924,"Deluxe Taverns North Ltd",,deluxe-taverns-north-ltd,,,,2025,9,0,,,,Dublin,471,D02DH36
1925,"Dillons Hotel",,dillons-hotel,,,,2025,9,0,,,,Donegal,443,F92F9DX
1926,"Dominic O'Connor Ltd",,dominic-oconnor-ltd,,,,2025,6,0,,,,Galway,212,H62Y880
1927,"Dromhall Hotel",,dromhall-hotel,,,,2025,9,0,,,,Kerry,559,V93PY80
1928,"Drummonds Ltd",https://drummonds.ie/,drummonds-ltd,,,,2025,1,0,,,,Dublin,113,D15C789
1929,Eatdrinkstay.ie,,eatdrinkstayie,,,,2025,9,0,,,,Wicklow,347,A98E864
1930,"EDC Engineering Design Consultants Ltd",,edc-engineering-design-consultants-ltd,,,,2025,14,0,,,,Cork,253,T23R5TF
1931,"Elder Nursing Homes Ltd.",,elder-nursing-homes-ltd,,,,2025,18,0,,,,Cork,76,P25KX56
1932,"Eliza Care Limited",,eliza-care-limited,,,,2025,18,0,,,,Offaly,142,R42HX70
1933,"Empower Local Development CLG",,empower-local-development-clg,,,,2025,20,0,,,,Dublin,109,D15K2TX
1934,"E MURPHY MOTORS LTD",,e-murphy-motors-ltd,,,,2025,7,0,,,,Wexford,596,Y35VAH6
1935,"Energy Metrics Monitoring & Management",,energy-metrics-monitoring-management,,,,2025,14,0,,,,Limerick,186,V94HT2Y
1936,"Event Fuel Limited",,event-fuel-limited,FUEL,,,2025,19,0,,,,Dublin,298,D02FW54
1937,"Excel Industries",,excel-industries,,,,2025,3,0,,,,Dublin,193,D15N704
1938,Facilitas,,facilitas,,,,2025,15,0,,,,Dublin,192,D09T623
1939,"Dublin Home Support",,dublin-home-support,"Finglas Home Help/Care Organisation CLG",,,2025,18,0,,,,Dublin,714,D11TD8Y
1940,"First Ireland Spirits Manufacturing Co.",,first-ireland-spirits-manufacturing-co,,,,2025,3,0,,,,Laois,92,R32K230
1941,"First Up SLU",,first-up-slu,,,,2025,6,0,,,,Westmeath,570,N37CY58
1942,"Five Rivers Ireland",,five-rivers-ireland,,,,2025,18,0,,,,Dublin,261,D15YE28
1943,"Framespace Solutions Limited",,framespace-solutions-limited,,,,2025,6,0,,,,Longford,398,N39E337
1944,"Green Isle Foods",,green-isle-foods,,,,2025,3,0,,,,Kildare,260,W91RC85
1945,"Oxfam Ireland",,oxfam-ireland,,,,2025,22,0,,,,Dublin,303,D04V9Y9
1946,"Wexford Credit Union Ltd",,wexford-credit-union-ltd,,,,2025,12,0,,,,Wexford,503,Y35XW96
1947,"Franciscan Province of Ireland",,franciscan-province-of-ireland,,,,2025,21,0,,,,Dublin,616,D08XY19
1948,"Fresh Start Support Services Limited",,fresh-start-support-services-limited,,,,2025,18,0,,,,Carlow,72,R93X0V9
1949,"FSW Coatings Ltd.",,fsw-coatings-ltd,,,,2025,3,0,,,,Meath,374,A82N267
1950,"Galway Plant And Tool Hire Ltd",,galway-plant-and-tool-hire-ltd,,,,2025,20,0,,,,Dublin,334,D12C791
1951,"Hitachi Energy Ireland Limited",,hitachi-energy-ireland-limited,,,,2025,3,0,,,,Dublin,620,D22X0Y3
1952,"Hegarty Demolition Ltd",,hegarty-demolition-ltd,,,,2025,6,0,,,,Dublin,129,D14V4F1
1953,"Great Southern Killarney",,great-southern-killarney,,,,2025,9,0,,,,Kerry,206,v93r866
1954,"Galway Rural Development CLG",,galway-rural-development-clg,,,,2024,15,0,,,,Galway,369,H65KR02
1955,"Goodman Medical Ireland",,goodman-medical-ireland,,,,2025,3,0,,,,Galway,210,h91h9ck
1956,"Greenfield Foods Limited",,greenfield-foods-limited,,,,2025,1,0,,,,Monaghan,313,H18YY33
1957,"Greenhill Fruit Farm Ltd",,greenhill-fruit-farm-ltd,,,,2025,1,0,,,,Wexford,453,Y21T449
1958,"Hamlet Court Hotel Ltd",,hamlet-court-hotel-ltd,,,,2025,9,0,,,,Meath,350,A83WC04
1959,"Harmonics Career Crafting Limited",,harmonics-career-crafting-limited,,,,2025,20,0,,,,Limerick,233,V94RR8D
1960,"Hayfield Manor Hotel",,hayfield-manor-hotel,,,,2025,9,0,,,,Cork,263,T12HT97
1961,"Healthcare Direct",,healthcare-direct,,,,2025,18,0,,,,Limerick,284,V94HT2Y
1962,"Hilti Fastening Systems",,hilti-fastening-systems,,,,2025,6,0,,,,Dublin,208,D11V96E
1963,"Hooke & MacDonald Limited",,hooke-macdonald-limited,,,,2025,13,0,,,,Dublin,275,D02AW89
1964,"Hotel Balor Teoranta",,hotel-balor-teoranta,,,,2025,9,0,,,,Kerry,925,V93PXK3
1965,"HP Corrigan",,hp-corrigan,,,,2025,7,0,,,,Dublin,439,D04R6Y6
1966,"i3PT Certification",,i3pt-certification,,,,2025,6,0,,,,Dublin,319,D04YT91
1967,"Glenn Wood Tullamore",,glenn-wood-tullamore,"Industrial & Domestic Furniture(Tullamore) Ltd",,,2025,3,0,,,,Offaly,217,R35VK03
1968,"Industrial Packaging Ltd",,industrial-packaging-ltd,,,,2025,3,0,,,,Wicklow,331,A98X3T6
1969,"ICS Medical Devices",,ics-medical-devices,"Innovative Catheter Solutions",,,2025,3,0,,,,Galway,333,H91A2WA
1970,"St. Margaret's Network",,st-margarets-network,"IRL-IASD CLG",,,2025,18,0,,,,Dublin,159,D14YK10
1971,"John Hurley Midleton (Unlimited) Company",,john-hurley-midleton-unlimited-company,,,,2025,7,0,,,,Cork,610,P25FR64
1972,"Washrooms Ireland",,washrooms-ireland,"Karmarton Ltd",,,2025,5,0,,,,Dublin,383,D10WD29
1973,"Laois Hire Centres Ltd",,laois-hire-centres-ltd,,,,2025,20,0,,,,Dublin,324,D12C791
1974,Léargas,,leargas,,,,2025,17,0,,,,Dublin,440,D01A3Y8
1975,"Lexas Technologies Ltd.",,lexas-technologies-ltd,,,,2025,14,0,,,,Offaly,117,R35TX95
1976,"Lifewave Europe Ltd",,lifewave-europe-ltd,,,,2025,3,0,,,,Galway,628,H63NW84
1977,"Linnaeus Ireland Veterinary Limited",,linnaeus-ireland-veterinary-limited,,,,2025,20,0,,,,Dublin,346,D02T380
1978,"Local Jobs Limited",,local-jobs-limited,,,,2025,15,0,,,,Dublin,668,D24Fa07
1979,"Luttrellstown Castle Resort",,luttrellstown-castle-resort,,,,2025,9,0,,,,Dublin,258,D15RH92
1980,"M.Fitzgibbon Contractors Limited",,mfitzgibbon-contractors-limited,,,,2025,6,0,,,,Limerick,173,V94Y7Y5
1981,"Madigan Cunningham Ltd",,madigan-cunningham-ltd,,,,2025,13,0,,,,Limerick,598,V94K2Y2
1982,"Mallow Credit Union Ltd",,mallow-credit-union-ltd,,,,2025,12,0,,,,Cork,228,P51HP48
1983,"Marchford Limited",,marchford-limited,,,,2025,9,0,,,,Kildare,98,W91Y65N
1984,"Marcoh Care Limited",,marcoh-care-limited,,,,2025,18,0,,,,Dublin,360,D12A447
1985,"Maritime Area Regulatory Authority",,maritime-area-regulatory-authority,,,,2025,16,0,,,,Wexford,727,Y35RF29
1986,"Ballyhass Adventure Group",,ballyhass-adventure-group,"Maritime Tourism Ltd.",,,2025,19,0,,,,Cork,556,P51N990
1987,"Mars Foods Ireland LTD.",,mars-foods-ireland-ltd,,,,2025,20,0,,,,Dublin,325,D18K8Y4
1988,"Martin Ryan Haulage Limited",,martin-ryan-haulage-limited,,,,2025,8,0,,,,Limerick,343,V94W0C3
1989,"Masonite Ireland",,masonite-ireland,,,,2024,3,0,,,,Leitrim,224,N41CC94
1990,"MCG Facilities Management Ireland Limited",,mcg-facilities-management-ireland-limited,,,,2025,20,0,,,,Dublin,564,D11XY10
1991,"McLoughlin Industrial Flooring Contractors Ltd",,mcloughlin-industrial-flooring-contractors-ltd,,,,2025,6,0,,,,Kildare,630,W91NX66
1992,"MeHow Medical Ireland Ltd",,mehow-medical-ireland-ltd,,,,2025,3,0,,,,Wicklow,158,A98W8P3
1993,"Mizen Clothing Retail Limited",,mizen-clothing-retail-limited,,,,2025,7,0,,,,Cork,367,t12w274
1994,"Monahill Supermarkets Ltd",,monahill-supermarkets-ltd,,,,2025,7,0,,,,Louth,459,A91EYX9
1995,"Moorehaven Centre (Tipperary) DAC",,moorehaven-centre-tipperary-dac,,,,2025,20,0,,,,Tipperary,235,E34H280
1996,"Mountain Lodge Nursing Home Ltd",,mountain-lodge-nursing-home-ltd,,,,2025,20,0,,,,Offaly,144,R42HX70
1997,"Mowlam Healthcare Services",,mowlam-healthcare-services,,,,2025,18,0,,,,Limerick,643,V94HT2Y
1998,"MP Doyle Ltd",,mp-doyle-ltd,,,,2025,7,0,,,,Carlow,451,R93W8D9
1999,"Munters Corp Ireland",,munters-corp-ireland,,,,2025,3,0,,,,Cork,480,T45VN22
2000,"Murex Advanced Technologies Ltd.",,murex-advanced-technologies-ltd,,,,2025,14,0,,,,Dublin,632,D04E7K5
2001,"Murtagh Bars Ltd",,murtagh-bars-ltd,,,,2025,9,0,,,,Leitrim,464,N41P5X5
2002,"National Express Coach and Bus Services Limited",,national-express-coach-and-bus-services-limited,,,,2025,8,0,,,,Dublin,567,K67KD58
2003,"Nelipak Healthcare Packaging",,nelipak-healthcare-packaging,,,,2025,3,0,,,,Offaly,667,R35F583
2004,"Nethercross Ltd",,nethercross-ltd,,,,2025,9,0,,,,Dublin,486,K67P2E4
2005,"Newgrange Hotel",,newgrange-hotel,,,,2025,9,0,,,,Meath,195,C15A6WV
2006,NIKE,,nike,,,,2025,7,0,,,,Dublin,568,D15PXY3
2007,"Nisbets Limited",,nisbets-limited,,,,2025,7,0,,,,Cork,427,T23RR3H
2008,"Nomadic Foods Ltd.",,nomadic-foods-ltd,,,,2025,3,0,,,,Donegal,586,F93VP83
2009,"Nord Anglia Education Ireland Ltd.",,nord-anglia-education-ireland-ltd,,,,2025,17,0,,,,Dublin,438,D18T672
2010,"North Midlands Credit Union",,north-midlands-credit-union,,,,2025,12,0,,,,Westmeath,320,N91VO94
2011,"Northgate Vehicle Hire (Ireland) Ltd",,northgate-vehicle-hire-ireland-ltd,,,,2025,8,0,,,,Dublin,444,D04TR29
2012,"O'Leary International Ltd",,oleary-international-ltd,,,,2025,8,0,,,,Wexford,271,Y34V252
2013,"Oberstown Children Detention Campus",,oberstown-children-detention-campus,,,,2025,16,0,,,,Dublin,354,K45AY66
2014,"Oceanpath Ltd",,oceanpath-ltd,,,,2025,1,0,,,,Dublin,793,D13Hx25
2015,"OConnell Street Inns",,oconnell-street-inns,,,,2025,9,0,,,,Dublin,404,D01CK74
2016,"Offaly Centre Independent Living",,offaly-centre-independent-living,,,,2025,18,0,,,,Offaly,310,R35VC63
2017,"Omnicom Media Group (Ireland) Ltd",,omnicom-media-group-ireland-ltd,,,,2025,14,0,,,,Dublin,222,D04C2N4
2018,"Parksite Gemon Developments",,parksite-gemon-developments,,,,2025,7,0,,,,Meath,268,A82Y5T3
2019,"Park Developments (Dublin) Ltd",,park-developments-dublin-ltd,,,,2025,6,0,,,,Dublin,652,D18K8Y4
2020,"Pat Rynn Engineering Limited",,pat-rynn-engineering-limited,,,,2025,3,0,,,,Galway,548,H91W5T8
2021,"Patrician Academy",,patrician-academy,,,,2025,17,0,,,,Cork,582,P51YK80
2022,"Perigord Premedia Limited",,perigord-premedia-limited,,,,2025,14,0,1624,,,Dublin,783,D15N283
2023,"Pilz Ireland Industrial Automation",,pilz-ireland-industrial-automation,,,,2025,14,0,,,,Cork,110,T12AW80
2024,"Pioneer Homecare Ltd",,pioneer-homecare-ltd,,,,2025,18,0,,,,Dublin,637,D14W8Y1
2025,"Pipe Arc Ltd",,pipe-arc-ltd,,,,2025,3,0,,,,Cavan,413,H12WK70
2026,"Polish Teachers Association",,polish-teachers-association,,,,2025,17,0,,,,Dublin,623,D15VF22
2027,"Post-Primary Languages Ireland",,postprimary-languages-ireland,PPLI,,,2025,17,0,,,,Dublin,359,D08TCV4
2028,"Premier Irish Homes",,premier-irish-homes,"PPGIH Business Ltd",,,2025,6,0,,,,Meath,71,C15FX29
2029,ProAmpac,,proampac,,,,2025,3,0,,,,Donegal,396,F92F44a
2030,"Proofpoint Ireland Ltd",,proofpoint-ireland-ltd,,,,2025,20,0,,,,Dublin,287,D04XN32
2031,QQI,,qqi,"Quality and Qualifications Ireland",,,2025,16,0,,,,Dublin,200,D02P266
2032,"Quality Tractor Parts Ltd",,quality-tractor-parts-ltd,,,,2025,7,0,,,,Westmeath,118,n91nd37
2033,Qualtrics,,qualtrics,,,,2025,11,0,,,,Dublin,433,D02TA43
2034,"RS Ireland",,rs-ireland,"Radionics Ltd",,,2025,3,0,,,,Dublin,172,D12CK80
2035,"Radius Business Solutions (Ireland) Limited",,radius-business-solutions-ireland-limited,,,,2025,20,0,,,,Galway,691,H91W1YV
2036,"Regnology Ireland Limited",,regnology-ireland-limited,,,,2025,10,0,,,,Dublin,251,D18Y3X2
2037,"Remote Management Technology Limited",,remote-management-technology-limited,,,,2025,15,0,,,,Cork,507,T23YY09
2038,"Repromed Ireland",,repromed-ireland,,,,2025,18,0,,,,Dublin,225,D16W7W3
2039,"Retail Solutions",,retail-solutions,,,,2025,11,0,,,,Galway,209,H54TA43
2040,"RGIS Inventory Specialists",,rgis-inventory-specialists,,,,2025,20,0,,,,Dublin,373,K67E5A0
2041,"Richard Boyle and Sons (2004) Limited",,richard-boyle-and-sons-2004-limited,,,,2025,7,0,,,,Kerry,104,V93AV63
2042,"Richmond Marketing",,richmond-marketing,,,,2025,14,0,,,,Dublin,409,D24H7RK
2043,"Rogerson Reddan",,rogerson-reddan,,,,2025,14,0,,,,Dublin,419,D04V1K7
2044,"Rolsford Limited",,rolsford-limited,,,,2025,7,0,,,,Dublin,472,D22ET96
2045,"SAICA Pack Dublin",,saica-pack-dublin,,,,2025,3,0,2045,,,Dublin,737,D22R924
2046,"Saica Pack Ireland Ltd",,saica-pack-ireland-ltd,,,,2025,3,0,2045,,,Meath,736,A84W744
2047,"Santa Sabina House Limited",,santa-sabina-house-limited,,,,2025,18,0,,,,Dublin,703,D07WK25
2048,"Shannondoc CLG",,shannondoc-clg,,,,2025,18,0,,,,Limerick,431,V945V24
2049,"Simpson's Hospital",,simpsons-hospital,,,,2025,18,0,,,,Dublin,484,D16P732
2050,"SIRO Dac",,siro-dac,,,,2025,11,0,,,,Dublin,264,D18K8Y4
2051,"SmartBear Ireland",,smartbear-ireland,,,,2025,20,0,,,,Galway,154,H91P8PR
2052,Solas,,solas,,,,2025,17,0,,,,Dublin,114,D01A8N0
2053,"Sonoco Metal Packaging Ireland Ltd",,sonoco-metal-packaging-ireland-ltd,,,,2025,3,0,,,,Kildare,355,R14C622
2054,"South County Self Drive Ltd.",,south-county-self-drive-ltd,,,,2025,20,0,,,,Dublin,695,A96TF24
2055,"South Dublin County Partnership",,south-dublin-county-partnership,,,,2025,18,0,,,,Dublin,163,D24A3XC
2056,"South West Doctors On Call CLG",,south-west-doctors-on-call-clg,,,,2024,18,0,,,,Kerry,87,V93K0DN
2057,"Spectrum Telecom Installations Ltd.",,spectrum-telecom-installations-ltd,,,,2025,6,0,,,,Kildare,339,W91YC89
2058,"St. Helens Hotel",,st-helens-hotel,,,,2025,9,0,,,,Dublin,408,A94V6W3
2059,"StepStone Group Europe Alternative Investments Ltd",,stepstone-group-europe-alternative-investments-ltd,,,,2025,12,0,,,,Dublin,266,D04X4C9
2060,"Standard Brands (Trading) Ireland Limited",,standard-brands-trading-ireland-limited,,,,2025,3,0,,,,Louth,231,A91XT59
2061,"SWARCO Ireland",,swarco-ireland,,,,2025,6,0,,,,Dublin,558,D08EWP2
2062,VikingCloud,,vikingcloud,"Sysxnet Limited",,,2025,14,0,,,,Dublin,588,D12WDN2
2063,"Takumi Precision Engineering Limited",,takumi-precision-engineering-limited,,,,2025,3,0,,,,Limerick,341,V94YW99
2064,"TAOA Retail Limited",,taoa-retail-limited,,,,2025,7,0,2064,,,Dublin,482,D02AC96
2065,"TAOAR Retail Ltd",,taoar-retail-ltd,,,,2025,7,0,2064,,,Dublin,483,D02AC96
2066,"Telnyx Ireland Limited",,telnyx-ireland-limited,,,,2025,11,0,,,,Cork,250,T23WYK5
2067,"Temmler Ireland Limited",,temmler-ireland-limited,,,,2025,3,0,,,,Kerry,151,V93H972
2068,"TF Fleming Ltd",,tf-fleming-ltd,,,,2025,7,0,,,,Monaghan,363,H18WK60
2069,"The Crann Support Group",,the-crann-support-group,,,,2025,15,0,,,,Meath,121,C15VP77
2070,"The Multiple Sclerosis Society of Ireland",,the-multiple-sclerosis-society-of-ireland,,,,2025,18,0,,,,Dublin,428,D06CV90
2071,"Thornpart Adjusters Limited",,thornpart-adjusters-limited,,,,2025,12,0,,,,Dublin,317,D12W702
2072,"Tinnypark Residential Care Limited",,tinnypark-residential-care-limited,,,,2025,20,0,,,,Offaly,143,R42HX70
2073,"Tipperary Healthcare Limited",,tipperary-healthcare-limited,,,,2025,18,0,,,,Tipperary,465,E34NX20
2074,"Tom Cowman Agri Plant Hire Limited",,tom-cowman-agri-plant-hire-limited,,,,2025,6,0,,,,Carlow,626,R21X665
2075,"Tomra Sorting Limited",,tomra-sorting-limited,,,,2025,14,0,,,,Dublin,400,D02VN56
2076,"Townlink Construction Ltd",,townlink-construction-ltd,,,,2025,6,0,,,,Dublin,99,D24NX77
2077,"Trump International Golf Resort and Hotel",,trump-international-golf-resort-and-hotel,,,,2025,9,0,,,,Clare,337,v15kh39
2078,"Typetec Ireland Limited",,typetec-ireland-limited,,,,2025,17,0,,,,Dublin,390,D12XW25
2079,"UHY Farrelly Dawe White Limited",,uhy-farrelly-dawe-white-limited,,,,2025,20,0,,,,Louth,405,A91RW26
2080,"UN1F1ED2 Global Packaging Group Ireland Ltd.",,un1f1ed2-global-packaging-group-ireland-ltd,,,,2025,3,0,,,,Cork,232,T45KW29
2081,"Underhill Investments Limited",,underhill-investments-limited,,,,2025,20,0,,,,Offaly,132,R42HX70
2082,"Viagogo 'VGL Support Services Ireland Ltd'",,viagogo-vgl-support-services-ireland-ltd,,,,2025,7,0,,,,Limerick,466,V94RX49
2083,"Walsh Printing Services Unlimited Company",,walsh-printing-services-unlimited-company,,,,2025,3,0,,,,Kerry,138,V92C52N
2084,"Water Technology Limited",,water-technology-limited,,,,2025,3,0,,,,Cork,214,T12KPF2
2085,"Waterford & South Tipperary Community Youth Service",,waterford-south-tipperary-community-youth-service,,,,2025,18,0,,,,Waterford,475,X91TY8N
2086,Wayfair,,wayfair,,,,2025,7,0,,,,Galway,715,H91W260
2087,"Weatherbys Ireland Limited",,weatherbys-ireland-limited,,,,2025,14,0,,,,Kildare,469,W91VX86
2088,"Weir & Sons",,weir-sons,,,,2025,7,0,,,,Dublin,294,D02WR12
2089,"Westbourne IT Global Services Ltd",,westbourne-it-global-services-ltd,,,,2025,14,0,,,,Cork,309,T12Y275
2090,"Whitbread Plc",,whitbread-plc,,,,2025,9,0,,,,Dublin,112,"D01 K2C5"
2091,"Whitewater Group H2O Limited.",,whitewater-group-h2o-limited,,,,2025,5,0,,,,Kildare,669,W91TK7N
2092,"Windmill Group",,windmill-group,,,,2025,18,0,,,,Cork,282,P51NH6X
2093,"Irish Prison Service (all legal entities)",,irish-prison-service-all-legal-entities,,,,2022,16,0,228,,,Longford,838,N39A308
2095,Vistatec,https://www.vistatec.com/,vistatec,,privacy@vistatec.com,,2025,14,74,,,,Dublin,,"D08 T2TX"
2096,"Hanley Calibration",https://hanleycalibration.com/,hanleycalibration,,,,2024,14,71,,,,Cork,,"T45 X962"
2097,"Ryan Hanley",https://ryanhanley.ie/,ryanhanley,Stantec,,,2025,1,1,,,,Galway,,"H91 P3KH"
2098,"Danann Air",,danann-air,,,,2025,3,0,,,,Louth,744,A92Fy90
2099,"HPC Sales Limited",,hpc-sales-limited,,,,2025,7,0,,,,Dublin,845,D12T4C2
2100,Fiosrú,,fiosru,,,,2024,16,0,,,,Dublin,795,D01FT73
2101,"Ballymaloe House Hotel",https://www.ballymaloe.ie,ballymaloehousehotel,"Yeats Room Limited",res@ballymaloe.ie,,2025,9,55,,,,Cork,,"P25 Y070"
2102,"Kitman Labs",https://www.kitmanlabs.com/,kitmanlabs,,,,2025,10,62,,,,Dublin,,"D01 Y6H7"
2103,"Medite Smartply",https://mdfosb.com/en,meditesmartply,,info@mdfosb.com,,2024,3,16,2103,,,Tipperary,,"E91 V584"
2104,"Policing and Community Safety Authority",,policing-and-community-safety-authority,,,,2025,16,0,,,,Dublin,841,D07N7CV
2105,"QT Technologies Ireland Limited",,qt-technologies-ireland-limited,,,,2025,11,0,,,,Cork,1049,T23YY09
2106,"Ashford House Nursing Home",https://ashfordhouse.ie/,ashfordhousenursinghome,,reception@ashfordhouse.ie,,2025,18,87,,,,Dublin,,"A96 T853"
2107,"UL Sport",https://www.ulsport.ie/,ulsport,"Plassey Campus Arena",info@ulsport.ie,,2025,19,93,,,,Limerick,,"V94 T9PX"
2108,"Intive Ltd",,intive-ltd,,,,2025,11,0,,,,Dublin,1109,D02RR99
2109,LeisureWorld,https://www.leisureworldcork.com,leisureworld,"Sport Ionad Réigiúnach Chorcaí CTR",info@leisureworldcork.com,,2025,19,93,,,,Cork,,"T12 HP29"
2110,"AWN Consulting",https://awnconsulting.com/,awnconsulting,"Trinity Consultants",info@awnconsulting.com,,2025,14,74,,,,Dublin,,"D17 AK63"
2111,"Bretland Construction",https://bretland.ie/,bretlandconstruction,,info@bretland.ie,,2025,6,41,,,,Offaly,,"R45 YP20"
2112,"Galway Hospice Foundation",,galway-hospice-foundation,,,,2025,18,0,,,,Galway,1068,H91R2T0
2113,"DHL Global Forwarding (Ireland) Ltd",,dhl-global-forwarding-ireland-ltd,,,,2024,8,0,2113,,,Dublin,1122,K67R970
2114,"Q-Park Ireland",https://www.q-park.ie/en-gb/,qparkireland,,ireland@q-park.com,,2025,8,52,,,,Dublin,,"D01 W207"
